state,district,week_start,week_end,crop_condition,hi_crop_condition,advisory,hi_advisory
Punjab,Firozpur,6/9/2025,6/15/2025,Crop condition not specifically mentioned in the advisory. Farmers are advised to continue regular crop monitoring and follow standard agronomic practices. Consult local agriculture officers if any symptoms or issues appear in the field.,फिरोजपुर के लिए फसल की स्थिति पर विशेष उल्लेख नहीं किया गया है। किसानों को नियमित निगरानी जारी रखने और सामान्य कृषि अनुशंसाओं का पालन करने की सलाह दी जाती है। यदि खेत में कोई लक्षण या समस्या दिखे तो नजदीकी कृषि अधिकारी से संपर्क करें।,"No specific update has been mentioned for Firozpur in the current advisory. However, farmers are advised to continue monitoring crop health, follow local weather updates, and prepare for timely irrigation and nutrient management as per crop stage. Remain alert for pest and weed activity, and take preventive measures accordingly.","फिरोजपुर के लिए वर्तमान परामर्श में कोई विशेष जानकारी उल्लेखित नहीं है। फिर भी, किसानों को फसल की स्थिति की निगरानी जारी रखने, स्थानीय मौसम की जानकारी पर ध्यान देने और फसल की अवस्था के अनुसार सिंचाई व पोषण प्रबंधन के लिए तैयार रहने की सलाह दी जाती है। कीट व खरपतवार की गतिविधि के प्रति सतर्क रहें और आवश्यकतानुसार रोकथाम के उपाय करें।"
Punjab,Faridkot,6/9/2025,6/15/2025,"Crop is 32–37 days old at 6–8 leaf stage. Intercultural operations done; first irrigation applied. Thrips observed above ETL in isolated spots. Monitor fields regularly. Use neem-based spray initially. If needed, apply Fipronil 5% SC or Spinosad 45% SC as per recommendations.","फसल 32–37 दिन की, 6–8 पत्तियों की अवस्था में है। अंतरसांस्कृतिक कार्य पूरे, पहली सिंचाई दी गई। कुछ स्थानों पर थ्रिप्स का प्रकोप ETL से अधिक। नियमित निगरानी करें। पहले नीम आधारित छिड़काव करें। आवश्यकता होने पर फिप्रोनिल 5% SC या स्पिनोसैड 45% SC का प्रयोग करें।","Give the first irrigation 4–6 weeks after sowing. Apply 90 kg urea in 2–3 split doses after irrigation, and avoid broadcasting nitrogen before irrigation. In case of high thrips infestation, give light irrigation to reduce stress. To monitor pink bollworm, use sticky or delta traps at the rate of 1 trap per hectare. Remove weeds like Kanghi buti and Peeli buti, which serve as alternate hosts for leaf curl virus.",फरीदकोट में पहली सिंचाई बुआई के 4–6 सप्ताह बाद दें। 90 किलो यूरिया को सिंचाई के बाद 2–3 बार में बांटकर डालें और सिंचाई से पहले नाइट्रोजन का छिड़काव न करें। थ्रिप्स का प्रकोप अधिक होने पर हल्की सिंचाई करें ताकि पौधों पर तनाव न पड़े। गुलाबी सुंडी की निगरानी के लिए 1 ट्रैप प्रति हेक्टेयर की दर से स्टिकी या डेल्टा ट्रैप का प्रयोग करें। लीफ कर्ल वायरस के वैकल्पिक होस्ट कांघी बूटी और पीली बूटी को खेत से हटा दें।
Punjab,Muktsar,6/9/2025,6/15/2025,"Crop condition not specifically mentioned in the advisory. Farmers should continue routine field monitoring and follow recommended practices. For any observed issues, consult local agriculture officials promptly.",मुक्तसर के लिए फसल की स्थिति का विशेष उल्लेख नहीं किया गया है। किसान नियमित खेत की निगरानी करें और अनुशंसित कृषि क्रियाओं का पालन करें। किसी भी समस्या की स्थिति में निकटतम कृषि अधिकारी से संपर्क करें।,"No specific update has been mentioned for Muktsar in the current advisory. Farmers are advised to keep monitoring crop health and field conditions. Follow recommended practices for irrigation, fertilizer application, and pest control based on crop stage. Stay updated with local weather forecasts and be prepared for timely field operations.","मुक्तसर के लिए वर्तमान परामर्श में कोई विशेष जानकारी नहीं दी गई है। किसानों को फसल की स्थिति और खेत की परिस्थितियों की नियमित निगरानी करने की सलाह दी जाती है। फसल की अवस्था के अनुसार सिंचाई, उर्वरक प्रबंधन और कीट नियंत्रण के अनुशंसित उपायों का पालन करें। स्थानीय मौसम पूर्वानुमान पर नज़र रखें और समय पर खेत कार्यों के लिए तैयार रहें।"
Punjab,Bhatinda,6/9/2025,6/15/2025,Crop is 15–35 days old at vegetative stage. Hoeing and weeding are in progress. Whitefly population is at 1–3 adults per 3 leaves; jassids observed at 0–1 per 3 leaves. Current levels are below ETL. Continue monitoring and maintain field hygiene.,"भटिंडा में फसल 15–35 दिन की है और वनस्पतिक अवस्था में है। गुड़ाई और निराई कार्य जारी हैं। सफेद मक्खी 1–3 वयस्क प्रति 3 पत्तियों पर तथा जासिड 0–1 प्रति 3 पत्तियों पर देखे गए हैं, जो ETL से कम हैं। निगरानी जारी रखें और खेत की स्वच्छता बनाए रखें।","Farmers in Bathinda are advised to remove weeds from around the field. After the first irrigation, when the soil is moist, spray Pyrithiobac Sodium + Quizalofop Ethyl 10 MEC at 1250 ml/ha for effective weed control. Monitor cotton fields for sucking pests such as whitefly and jassids. Use pheromone traps to detect pink bollworm, especially in early-sown cotton fields.","भटिंडा के किसानों को खेत के चारों ओर की खरपतवार को हटाने की सलाह दी जाती है। पहली सिंचाई के बाद जब मिट्टी नम हो, तब पायरीथियोबैक सोडियम + क्विजालोफॉप एथाइल 10 MEC @1250 मिली/हेक्टेयर का छिड़काव करें ताकि खरपतवारों पर प्रभावी नियंत्रण हो सके। कपास की फसल में चूसक कीटों जैसे सफेद मक्खी और जस्सिड्स की निगरानी करें। विशेष रूप से पहले से बोई गई कपास में गुलाबी सुंडी की पहचान के लिए फेरोमोन ट्रैप का उपयोग करें।"
Punjab,Sangrur,6/9/2025,6/15/2025,Crop condition not specifically mentioned in the advisory. Farmers should continue regular monitoring and follow standard crop management practices. Consult local agriculture officers if any symptoms or issues arise.,संगरूर के लिए फसल की स्थिति का विशेष उल्लेख नहीं किया गया है। किसान नियमित निगरानी जारी रखें और मानक कृषि प्रबंधन उपायों का पालन करें। किसी भी समस्या की स्थिति में नजदीकी कृषि अधिकारी से संपर्क करें।,"No specific update has been mentioned for Sangrur in the current advisory. However, farmers are advised to continue regular crop monitoring, especially for pest and weed activity. Follow timely irrigation and nutrient application as per crop stage. Stay updated with local weather and be prepared to act based on any sudden pest or disease outbreak.","संगरूर के लिए वर्तमान परामर्श में कोई विशेष जानकारी नहीं दी गई है। फिर भी, किसानों को फसल की नियमित निगरानी करने की सलाह दी जाती है, विशेष रूप से कीट और खरपतवार की गतिविधि के लिए। फसल की अवस्था के अनुसार समय पर सिंचाई और पोषण प्रबंधन करें। स्थानीय मौसम की जानकारी पर नज़र रखें और किसी भी अचानक कीट या रोग प्रकोप की स्थिति में त्वरित कार्रवाई के लिए तैयार रहें।"
Punjab,Ludhiana,6/9/2025,6/15/2025,"Crop condition not specifically mentioned in the advisory. Farmers are advised to continue routine crop monitoring and follow standard agronomic practices. For any emerging issues, consult local agricultural experts.",लुधियाना के लिए फसल की स्थिति का विशेष उल्लेख नहीं किया गया है। किसानों को नियमित रूप से फसल की निगरानी करने और मानक कृषि उपायों का पालन करने की सलाह दी जाती है। किसी भी समस्या की स्थिति में स्थानीय कृषि विशेषज्ञ से संपर्क करें।,"No specific update has been mentioned for Ludhiana in the current advisory. However, farmers are encouraged to continue routine crop care practices, including weed control, pest monitoring, and irrigation scheduling based on crop needs. Stay alert to any signs of pests or diseases and follow local agricultural recommendations accordingly.","लुधियाना के लिए वर्तमान परामर्श में कोई विशेष जानकारी नहीं दी गई है। फिर भी, किसानों को सामान्य फसल देखभाल जैसे खरपतवार नियंत्रण, कीटों की निगरानी और फसल की आवश्यकता अनुसार सिंचाई प्रबंधन जारी रखने की सलाह दी जाती है। कीट या रोग के लक्षण दिखने पर सतर्क रहें और स्थानीय कृषि विभाग की सिफारिशों के अनुसार कार्य करें।"
Haryana,Hisar,6/9/2025,6/15/2025,"Crop is 35–40 days old, at early vegetative to flowering stage. Weeding has been completed. Sucking pests and pink bollworm have started appearing. Farmers should monitor fields closely. Use recommended insecticides if pest levels approach ETL. Maintain field hygiene and avoid excessive nitrogen application.","हिसार में फसल 35–40 दिन की है, जो प्रारंभिक वनस्पतिक से फूल आने की अवस्था में है। निराई पूरी हो चुकी है। चूसक कीट और गुलाबी सुंडी दिखाई देने लगी हैं। किसान नियमित निगरानी करें। यदि कीट स्तर ETL के पास हो तो अनुशंसित कीटनाशकों का उपयोग करें। खेत की स्वच्छता बनाए रखें और नाइट्रोजन का अत्यधिक प्रयोग न करें।","Farmers in Hisar are advised to do hoeing using khurpi or kasola to maintain field hygiene. Insecticide application is not needed at this stage. Install 2 pheromone traps per acre to monitor pink bollworm and inspect them every 3 days. Remove and destroy dried foliage and old cotton stalks to reduce pest habitat. If pink bollworm infestation exceeds 5–10%, spray Profenofos 50EC. For root rot-affected patches, drench the soil with Carbendazim at 2 g per litre of water.","हिसार के किसानों को खेत की सफाई बनाए रखने के लिए खुर्पी या कसोला से गुड़ाई करने की सलाह दी जाती है। वर्तमान स्थिति में कीटनाशकों की आवश्यकता नहीं है। गुलाबी सुंडी की निगरानी के लिए प्रति एकड़ 2 फेरोमोन ट्रैप लगाएं और हर 3 दिन में जांच करें। सूखी पत्तियों और पुराने कपास के डंठलों को नष्ट करें ताकि कीटों का आश्रय स्थल कम किया जा सके। यदि गुलाबी सुंडी का प्रकोप 5–10% से अधिक हो, तो प्रोफेनोफॉस 50EC का छिड़काव करें। जड़ सड़न प्रभावित भागों में कार्बेन्डाजिम @ 2 ग्राम प्रति लीटर पानी से ड्रेंचिंग करें।"
Haryana,Sirsa,6/9/2025,6/15/2025,"Crop is 40–50 days old, at vegetative to flowering stage. Weeds are present in the field. Jassids observed at isolated locations. Farmers should carry out timely weeding and monitor crop regularly. If jassid population increases, take control measures as per recommendations.",सिरसा में फसल 40–50 दिन की है और वनस्पतिक से फूल आने की अवस्था में है। खेत में खरपतवार देखे गए हैं। कुछ स्थानों पर जासिड की उपस्थिति पाई गई है। किसान समय पर निराई करें और फसल की नियमित निगरानी करें। यदि जासिड की संख्या बढ़े तो अनुशंसित उपाय अपनाएं।,"Farmers in Sirsa should carry out gap filling by utilizing existing soil moisture. Irrigate the crop at 40–50 days after sowing, and apply the first split of urea after rainfall or irrigation. Perform hoeing using a kasola or suitable intercultural implements. For weed control, spray Pyrithiobac + Quizalofop, or use Paraquat/Glufosinate as recommended. Install pheromone traps at 45 days after sowing (DAS) to monitor pink bollworm. To manage root rot, drench affected areas with Carbendazim or Trichoderma solution.",सिरसा के किसानों को खेत में उपलब्ध मिट्टी की नमी का उपयोग करते हुए खाली स्थानों की भराई (गैप फिलिंग) करनी चाहिए। फसल की 40–50 दिन की अवस्था में सिंचाई करें और वर्षा या सिंचाई के बाद यूरिया की पहली खुराक दें। गुड़ाई कसोला या अन्य इंटरकल्चरल औजारों से करें। खरपतवार नियंत्रण के लिए पायरीथियोबैक + क्विजालोफॉप या पेराक्वाट/ग्लूफोसीनेट का छिड़काव करें। गुलाबी सुंडी की निगरानी हेतु 45 दिन बाद फेरोमोन ट्रैप लगाएं। जड़ सड़न नियंत्रण के लिए प्रभावित स्थानों पर कार्बेन्डाजिम या ट्राइकोडर्मा घोल से ड्रेंचिंग करें।
Haryana,Jind,6/9/2025,6/15/2025,"Crop condition not specifically mentioned in the advisory. Farmers should continue routine monitoring and follow recommended agronomic practices. In case of any issues, consult local agricultural officers promptly.",जींद के लिए फसल की स्थिति का विशेष उल्लेख नहीं किया गया है। किसान नियमित निगरानी करते रहें और अनुशंसित कृषि उपायों का पालन करें। किसी भी समस्या की स्थिति में नजदीकी कृषि अधिकारी से तुरंत संपर्क करें।,"No specific update has been mentioned for Jind in the current advisory. However, farmers are advised to continue regular field monitoring and follow standard crop management practices. Ensure timely hoeing, weed control, and irrigation based on crop needs. Watch for pest or disease symptoms and take preventive measures as necessary.","जींद के लिए वर्तमान परामर्श में कोई विशेष जानकारी नहीं दी गई है। फिर भी, किसानों को नियमित खेत की निगरानी करने और सामान्य फसल प्रबंधन उपायों का पालन करने की सलाह दी जाती है। समय पर गुड़ाई, खरपतवार नियंत्रण और फसल की आवश्यकता अनुसार सिंचाई करें। कीट या रोग के लक्षण दिखाई देने पर आवश्यकतानुसार रोकथाम के उपाय अपनाएं।"
Haryana,Rohtak,6/9/2025,6/15/2025,"Crop condition not specifically mentioned in the advisory. Farmers should continue regular field monitoring and follow standard crop management practices. For any observed issues, consult local agriculture experts.",रोहतक के लिए फसल की स्थिति का विशेष उल्लेख नहीं किया गया है। किसान नियमित रूप से खेत की निगरानी करें और मानक फसल प्रबंधन उपायों का पालन करें। किसी भी समस्या की स्थिति में स्थानीय कृषि विशेषज्ञ से संपर्क करें।,"No specific update has been mentioned for Rohtak in the current advisory. However, farmers should continue with regular crop monitoring and maintenance activities. Perform timely hoeing, manage weeds effectively, and provide irrigation based on soil moisture and crop stage. Stay alert for early signs of pests or diseases and follow local agricultural recommendations if needed.","रोहतक के लिए वर्तमान परामर्श में कोई विशेष जानकारी नहीं दी गई है। फिर भी, किसानों को नियमित रूप से फसल की निगरानी और देखभाल करने की सलाह दी जाती है। समय पर गुड़ाई करें, खरपतवारों का प्रभावी नियंत्रण करें और मिट्टी की नमी व फसल की अवस्था के अनुसार सिंचाई करें। कीट या रोग के प्रारंभिक लक्षणों पर ध्यान दें और आवश्यकता होने पर स्थानीय कृषि विभाग की सिफारिशों का पालन करें।"
Rajasthan,Ajmer,6/9/2025,6/15/2025,"Crop condition not specifically mentioned in the advisory. Farmers are advised to continue routine monitoring and follow recommended agronomic practices. For any symptoms or pest issues, consult local agricultural officers immediately.",अजमेर के लिए फसल की स्थिति का विशेष उल्लेख नहीं किया गया है। किसानों को नियमित निगरानी जारी रखने और अनुशंसित कृषि उपायों का पालन करने की सलाह दी जाती है। किसी भी लक्षण या कीट समस्या की स्थिति में तुरंत स्थानीय कृषि अधिकारी से संपर्क करें।,"No specific update has been mentioned for Ajmer in the current advisory. However, farmers are advised to continue with field preparation or maintenance based on crop stage. Monitor weather conditions, ensure timely irrigation, and manage weeds effectively. Stay alert for pest or disease symptoms and be ready to act based on local agricultural guidance.","अजमेर के लिए वर्तमान परामर्श में कोई विशेष जानकारी नहीं दी गई है। फिर भी, किसानों को फसल की अवस्था के अनुसार खेत की तैयारी या रखरखाव कार्य जारी रखने की सलाह दी जाती है। मौसम की स्थिति पर नज़र रखें, समय पर सिंचाई करें और खरपतवारों का प्रभावी नियंत्रण करें। कीट या रोग के लक्षणों पर सतर्क रहें और स्थानीय कृषि विभाग के मार्गदर्शन के अनुसार आवश्यक कदम उठाएं।"
Rajasthan,Jodhpur,6/9/2025,6/15/2025,"Crop condition not specifically mentioned in the advisory. Farmers should continue regular field monitoring and follow standard agronomic practices. In case of any pest or disease symptoms, consult local agriculture officers for timely guidance.",जोधपुर के लिए फसल की स्थिति का विशेष उल्लेख नहीं किया गया है। किसानों को नियमित रूप से खेत की निगरानी करनी चाहिए और मानक कृषि उपायों का पालन करना चाहिए। कीट या रोग के लक्षण दिखने पर स्थानीय कृषि अधिकारियों से तुरंत सलाह लें।,"No specific update has been mentioned for Jodhpur in the current advisory. However, farmers should continue essential crop care practices: maintain regular field monitoring, complete timely hoeing and weed removal, and schedule irrigation based on soil moisture and crop growth stage. Stay alert for early signs of pest or disease infestation and follow local agricultural department recommendations when needed.","जोधपुर के लिए वर्तमान सलाह में कोई विशेष जानकारी नहीं दी गई है। फिर भी, किसानों को फसल के सामान्य देखभाल कार्य जारी रखने की सलाह दी जाती है: नियमित खेत की निगरानी करें, समय पर गुड़ाई एवं खरपतवार हटाएं, तथा मिट्टी की नमी व फसल की अवस्था के अनुसार सिंचाई करें। कीट या रोग के सुरुआती लक्षणों पर सतर्क रहें और आवश्यकता पड़ने पर स्थानीय कृषि विभाग की सिफारिशों का पालन करें।"
Rajasthan,Nagaur,6/9/2025,6/15/2025,"Crop condition not specifically mentioned in the advisory. Farmers are advised to continue routine field monitoring and follow standard crop management practices. If any issues are observed, consult local agricultural authorities for timely advice.","नागौर के लिए फसल की स्थिति का विशेष उल्लेख नहीं किया गया है। किसानों को नियमित खेत की निगरानी करते रहना चाहिए और मानक फसल प्रबंधन उपायों का पालन करना चाहिए। यदि कोई समस्या दिखाई दे, तो समय पर सलाह के लिए स्थानीय कृषि अधिकारियों से संपर्क करें।","No specific advisory has been issued for Nagaur at this time. However, farmers are advised to continue regular crop management practices. This includes monitoring field conditions, performing timely hoeing and weed removal, and scheduling irrigation based on soil moisture and crop growth stage. Stay alert for signs of pest or disease outbreaks and follow guidance from local agricultural authorities as needed.","नागौर के लिए इस समय कोई विशेष सलाह जारी नहीं की गई है। फिर भी, किसानों को नियमित फसल प्रबंधन कार्य जारी रखने की सलाह दी जाती है। इसमें खेत की निगरानी करना, समय पर गुड़ाई और खरपतवार हटाना, तथा मिट्टी की नमी व फसल की अवस्था के अनुसार सिंचाई करना शामिल है। कीट या रोग की शुरुआती लक्षणों पर सतर्क रहें और ज़रूरत पड़ने पर स्थानीय कृषि विभाग के सुझावों का पालन करें।"
Rajasthan,Pali,6/9/2025,6/15/2025,"Crop condition not specifically mentioned in the advisory. Farmers should continue regular monitoring and follow standard agronomic practices. For any emerging issues, consult local agriculture officers for timely guidance.","पाली के लिए फसल की स्थिति का विशेष उल्लेख नहीं किया गया है। किसानों को नियमित रूप से फसल की निगरानी करनी चाहिए और मानक कृषि उपायों का पालन करना चाहिए। यदि कोई समस्या उत्पन्न हो, तो समय पर सलाह के लिए स्थानीय कृषि अधिकारियों से संपर्क करें।","No specific advisory has been issued for Pali at this time. However, farmers are encouraged to continue regular crop care by monitoring field conditions and soil moisture, performing timely hoeing and weed removal, and planning irrigation as per crop growth stage. Stay alert for early signs of pest or disease outbreaks and follow recommendations from local agricultural authorities when necessary.","पाली के लिए इस समय कोई विशेष सलाह जारी नहीं की गई है। फिर भी, किसानों को खेत की स्थिति और मिट्टी की नमी की नियमित निगरानी करते हुए सामान्य फसल देखभाल जारी रखने की सलाह दी जाती है। समय पर गुड़ाई और खरपतवार नियंत्रण करें तथा फसल की अवस्था के अनुसार सिंचाई नियोजित करें। कीट या रोग के शुरुआती लक्षणों पर सतर्क रहें और आवश्यकता पड़ने पर स्थानीय कृषि विभाग की सिफारिशों का पालन करें।"
Rajasthan,Sri Ganganagar,6/9/2025,6/15/2025,"Crop is 15–40 days old, at seedling to vegetative stage. Sowing was delayed due to late canal release; post-sowing irrigation has been applied. Weeds and early pest incidence observed. Farmers should carry out timely weeding and monitor for early pest signs. Use recommended control measures if pest population increases.",श्रीगंगानगर में फसल 15–40 दिन की है और अंकुरण से लेकर वृद्धि अवस्था में है। नहर देर से चलने के कारण बुआई में देरी हुई; बुआई के बाद सिंचाई की गई है। खेतों में खरपतवार और प्रारंभिक कीट प्रकोप देखा गया है। किसान समय पर निराई करें और कीटों के प्रारंभिक लक्षणों की निगरानी करें। यदि प्रकोप बढ़े तो अनुशंसित उपाय अपनाएं।,"Apply nitrogen fertilizers only after irrigation, not before, to ensure effective uptake and avoid nutrient loss. Remove weeds from in and around the field to reduce pest habitat. Regularly monitor crops for signs of pest or disease infestation. For controlling sucking pests and pink bollworm (PBW), spray a neem-based insecticide at 5 ml per litre of water.","श्रीगंगानगर में नाइट्रोजन उर्वरकों का प्रयोग केवल सिंचाई के बाद करें, पहले नहीं, ताकि पोषक तत्वों का सही उपयोग हो सके और नुकसान से बचा जा सके। खेत और उसके आसपास की खरपतवारों को हटाएं ताकि कीटों का आश्रय कम हो। फसलों में कीट और रोगों के लक्षणों की नियमित निगरानी करें। चूसक कीटों और गुलाबी सुंडी (PBW) के नियंत्रण के लिए नीम आधारित कीटनाशक का 5 मिली प्रति लीटर पानी में छिड़काव करें।"
Rajasthan,Hanumangarh,6/9/2025,6/15/2025,"Crop is 15–40 days old, at seedling to vegetative stage. Sowing was delayed due to late canal release, and post-sowing irrigation has been applied. Weeds and early pest incidence have been observed. Farmers should ensure timely weeding and monitor crop closely. Apply recommended pest control measures if needed.","हनुमानगढ़ में फसल 15–40 दिन की है और अंकुरण से वृद्धि अवस्था में है। नहर देरी से चालू होने के कारण बुआई में देरी हुई थी, और बुआई के बाद सिंचाई की गई है। खेतों में खरपतवार और प्रारंभिक कीट प्रकोप देखा गया है। किसान समय पर निराई करें और फसल की निगरानी करें। आवश्यकता होने पर अनुशंसित कीट नियंत्रण उपाय अपनाएं।","Apply nitrogen fertilizers only after irrigation, not before, to ensure better nutrient absorption and reduce losses. Remove weeds around the field to minimize pest breeding grounds. Monitor crops regularly for any signs of pests or diseases. For controlling sucking pests and pink bollworm (PBW), spray neem-based insecticide at 5 ml per litre of water.","हनुमानगढ़ में नाइट्रोजन उर्वरकों का प्रयोग केवल सिंचाई के बाद करें, पहले नहीं, ताकि पोषक तत्वों का प्रभावी अवशोषण हो सके और नुकसान से बचा जा सके। खेत के चारों ओर की खरपतवारों को हटाएं ताकि कीटों के पनपने की संभावना कम हो। फसल में कीट और रोग के लक्षणों की नियमित निगरानी करें। चूसक कीटों और गुलाबी सुंडी (PBW) के नियंत्रण के लिए नीम आधारित कीटनाशक का 5 मिली प्रति लीटर पानी में छिड़काव करें।"
Odisha,Koraput,6/9/2025,6/15/2025,Sowing has not yet started in Koraput as farmers are awaiting the onset of the monsoon. Farmers are advised to keep seeds and field preparations ready. Begin sowing immediately after receiving sufficient rainfall to ensure timely crop establishment.,कोरापुट में मानसून की प्रतीक्षा के कारण अभी बुआई शुरू नहीं हुई है। किसानों को बीज और खेत की तैयारी पूरी रखने की सलाह दी जाती है। पर्याप्त वर्षा होते ही समय पर फसल की बुआई शुरू करें।,"Complete land preparation and arrange all necessary inputs including cotton seeds, intercrop/trap crop seeds, FYM (Farmyard Manure), and fertilizers. Begin sowing with the onset of monsoon. Follow the recommended fertilizer dose: for hybrids – 120:60:60 (N:P:K) and for varieties – 90:45:45. Apply Zinc Sulphate (ZnSO₄) and Boron for micronutrient support. Intercropping with black gram, pigeon pea, or soybean is advised for better resource use and pest management. Treat seeds with Carboxin + Thiram, Fluxapyroxad, or Tetraconazole before sowing. For weed control, apply Pendimethalin 30EC @ 1.33 L/acre in 200 L water, 1–2 days after sowing.","कोरापुट में भूमि तैयारी पूर्ण करें और आवश्यक सभी इनपुट जैसे कपास के बीज, अंतःफसल/ट्रैप फसल के बीज, गोबर खाद (FYM) और उर्वरकों की व्यवस्था सुनिश्चित करें। मानसून प्रारंभ होते ही बुआई शुरू करें। उर्वरक की अनुशंसित मात्रा का पालन करें: हाइब्रिड किस्मों के लिए 120:60:60 (N:P:K) और देशी किस्मों के लिए 90:45:45। सूक्ष्म पोषक तत्वों के लिए जिंक सल्फेट (ZnSO₄) और बोरॉन का प्रयोग करें। बेहतर संसाधन उपयोग और कीट नियंत्रण के लिए उड़द, अरहर या सोयाबीन के साथ अंतःफसल लगाएं। बीजों का उपचार Carboxin+Thiram, Fluxapyroxad या Tetraconazole से करें। खरपतवार नियंत्रण के लिए Pendimethalin 30EC @ 1.33 लीटर/एकड़ को 200 लीटर पानी में घोलकर बुआई के 1–2 दिन बाद छिड़काव करें।"
Odisha,Kalahandi,6/9/2025,6/15/2025,Sowing has not yet started in Kalahandi as monsoon onset is awaited. Farmers are advised to keep land prepared and seed stock ready. Begin sowing immediately after adequate rainfall to ensure timely crop growth.,"कालाहांडी में मानसून की प्रतीक्षा के कारण बुआई अभी शुरू नहीं हुई है। किसानों को खेत की तैयारी और बीज की व्यवस्था पहले से करके रखनी चाहिए। जैसे ही पर्याप्त वर्षा हो, समय पर बुआई शुरू करें।","Complete land preparation in Kalahandi and arrange all required inputs including seeds of cotton, intercrops, trap crops, FYM (Farmyard Manure), and fertilizers. Begin sowing with the onset of monsoon. Use recommended fertilizer doses: hybrids – 120:60:60 (N:P:K), varieties – 90:45:45. Apply Zinc Sulphate (ZnSO₄) and Boron for balanced micronutrient supply. Practice intercropping with black gram, pigeon pea, or soybean to enhance soil health and pest management. Treat seeds with Carboxin + Thiram, Fluxapyroxad, or Tetraconazole before sowing. For weed control, spray Pendimethalin 30EC @ 1.33 L/acre in 200 L water 1–2 days after sowing.","कालाहांडी में भूमि तैयारी पूर्ण करें और सभी आवश्यक इनपुट जैसे कपास, अंतःफसल एवं ट्रैप फसल के बीज, गोबर खाद (FYM) और उर्वरकों की व्यवस्था करें। मानसून शुरू होते ही बुआई करें। उर्वरक की अनुशंसित मात्रा: हाइब्रिड के लिए 120:60:60 (N:P:K) और देशी किस्मों के लिए 90:45:45 का पालन करें। सूक्ष्म पोषक तत्वों के लिए जिंक सल्फेट (ZnSO₄) और बोरॉन का प्रयोग करें। उड़द, अरहर या सोयाबीन के साथ अंतःफसल करें ताकि मिट्टी की उर्वरता और कीट नियंत्रण में सहायता मिल सके। बीजों का उपचार Carboxin + Thiram, Fluxapyroxad या Tetraconazole से करें। बुआई के 1–2 दिन बाद Pendimethalin 30EC @ 1.33 लीटर/एकड़ को 200 लीटर पानी में मिलाकर छिड़काव करें।"
Odisha,Balangir,6/9/2025,6/15/2025,Sowing has not yet started in Balangir as farmers are awaiting the onset of the monsoon. Farmers should keep fields prepared and seeds ready. Start sowing as soon as adequate rainfall is received to ensure timely crop establishment.,"बलांगीर में मानसून की प्रतीक्षा के कारण अभी बुआई शुरू नहीं हुई है। किसानों को खेत की तैयारी और बीज की व्यवस्था पहले से पूरी कर लेनी चाहिए। जैसे ही पर्याप्त वर्षा हो, समय पर बुआई शुरू करें।","Complete land preparation in Balangir and arrange essential inputs including seeds of cotton, intercrops, and trap crops, along with FYM (Farmyard Manure) and fertilizers. Begin sowing with the onset of the monsoon. Follow the recommended fertilizer dose: hybrids – 120:60:60 (N:P:K) and varieties – 90:45:45. Apply Zinc Sulphate (ZnSO₄) and Boron to support micronutrient needs. Practice intercropping with black gram, pigeon pea, or soybean for better pest management and soil enrichment. Treat seeds with Carboxin + Thiram, Fluxapyroxad, or Tetraconazole before sowing. For weed control, apply Pendimethalin 30EC @ 1.33 L/acre mixed in 200 L water, 1–2 days after sowing.","बलांगीर में भूमि तैयारी पूरी करें और कपास, अंतःफसल व ट्रैप फसल के बीज, गोबर खाद (FYM) और उर्वरकों की व्यवस्था करें। मानसून शुरू होते ही बुआई करें। उर्वरकों की अनुशंसित मात्रा: हाइब्रिड किस्मों के लिए 120:60:60 (N:P:K) और देशी किस्मों के लिए 90:45:45 का पालन करें। सूक्ष्म पोषक तत्वों की पूर्ति हेतु जिंक सल्फेट (ZnSO₄) और बोरॉन का उपयोग करें। कीट नियंत्रण और मिट्टी की गुणवत्ता सुधार के लिए उड़द, अरहर या सोयाबीन के साथ अंतःफसल करें। बुआई से पहले बीजों का उपचार Carboxin + Thiram, Fluxapyroxad या Tetraconazole से करें। खरपतवार नियंत्रण के लिए Pendimethalin 30EC @ 1.33 लीटर/एकड़ को 200 लीटर पानी में मिलाकर बुआई के 1–2 दिन बाद छिड़काव करें।"
Gujarat,Amreli,6/9/2025,6/15/2025,Sowing is yet to be taken up in Amreli. Farmers are advised to complete land preparation and keep quality seeds ready. Begin sowing immediately after receiving sufficient rainfall to ensure timely crop establishment.,"अमरेली में बुआई अभी शुरू नहीं हुई है। किसानों को खेत की तैयारी पूरी करने और गुणवत्तापूर्ण बीज तैयार रखने की सलाह दी जाती है। जैसे ही पर्याप्त वर्षा हो, समय पर बुआई शुरू करें।",Apply well-decomposed FYM at 10 tonnes per hectare along with a basal dose of 20 kg Phosphorus and 75 kg Potassium per hectare. Avoid early sowing to prevent poor germination. Begin pre-sowing operations only if assured irrigation is available. Ensure that you purchase quality seeds with a proper bill or invoice for traceability and authenticity.,अमरेली में 10 टन प्रति हेक्टेयर की दर से अच्छी तरह सड़ी हुई गोबर खाद (FYM) डालें और साथ ही 20 किलोग्राम फॉस्फोरस तथा 75 किलोग्राम पोटाश प्रति हेक्टेयर की आधार खाद मात्रा दें। जल्दी बुआई से बचें ताकि अंकुरण खराब न हो। पूर्व-बुआई की प्रक्रिया तभी शुरू करें जब सिंचाई की पूरी व्यवस्था हो। बीज हमेशा पक्के बिल या रसीद के साथ ही खरीदें ताकि उसकी गुणवत्ता और प्रामाणिकता सुनिश्चित हो सके।
Gujarat,Bhavnagar,6/9/2025,6/15/2025,Sowing is yet to be taken up in Bhavnagar. Farmers should prepare land and ensure availability of quality seeds. Begin sowing promptly after receiving adequate rainfall to ensure a good start to the season.,"भावनगर में बुआई अभी शुरू नहीं हुई है। किसानों को खेत की तैयारी पूरी करने और गुणवत्तापूर्ण बीज सुनिश्चित करने की सलाह दी जाती है। जैसे ही पर्याप्त वर्षा हो, समय पर बुआई करें ताकि फसल की अच्छी शुरुआत हो सके।",Apply well-decomposed FYM at 10 tonnes per hectare along with a basal dose of 20 kg Phosphorus and 75 kg Potassium per hectare. Avoid early sowing to ensure proper germination and crop establishment. Begin pre-sowing operations only if assured irrigation is available. Purchase seeds only from certified sources and ensure a proper invoice is obtained for quality assurance and traceability.,भावनगर में प्रति हेक्टेयर 10 टन की मात्रा में अच्छी तरह सड़ी हुई गोबर खाद (FYM) डालें और साथ ही 20 किलोग्राम फॉस्फोरस व 75 किलोग्राम पोटाश प्रति हेक्टेयर की आधार खाद मात्रा दें। जल्दी बुआई करने से बचें ताकि अंकुरण व फसल की स्थापना बेहतर हो सके। यदि सिंचाई की सुविधा उपलब्ध है तभी पूर्व-बुआई कार्य शुरू करें। बीज केवल प्रमाणित स्रोत से खरीदें और गुणवत्ता की पुष्टि के लिए पक्की रसीद अवश्य प्राप्त करें।
Gujarat,Jamnagar,6/9/2025,6/15/2025,Sowing is yet to be taken up in Jamnagar. Farmers are advised to complete land preparation and keep quality seeds ready. Begin sowing immediately after adequate rainfall to ensure timely crop establishment.,"जामनगर में बुआई अभी शुरू नहीं हुई है। किसानों को खेत की तैयारी पूरी करने और गुणवत्तापूर्ण बीज तैयार रखने की सलाह दी जाती है। जैसे ही पर्याप्त वर्षा हो, समय पर बुआई शुरू करें।",Apply well-decomposed FYM at 10 tonnes per hectare along with a basal dose of 20 kg Phosphorus and 75 kg Potassium per hectare. Avoid early sowing to ensure good crop emergence. Begin pre-sowing activities only if assured irrigation is available. Always purchase certified seeds from reliable sources and obtain a proper invoice for record and quality assurance.,जामनगर में प्रति हेक्टेयर 10 टन अच्छी तरह सड़ी हुई गोबर खाद (FYM) और 20 किलोग्राम फॉस्फोरस व 75 किलोग्राम पोटाश की आधार मात्रा डालें। समय से पहले बुआई से बचें ताकि फसल का अच्छा अंकुरण हो सके। पूर्व-बुआई की प्रक्रिया तभी शुरू करें जब सिंचाई की सुविधा उपलब्ध हो। बीज हमेशा विश्वसनीय स्रोत से खरीदें और गुणवत्ता सुनिश्चित करने के लिए पक्की रसीद अवश्य प्राप्त करें।
Gujarat,Rajkot,6/9/2025,6/15/2025,Sowing is yet to be taken up in Rajkot. Farmers should prepare their fields and ensure availability of good quality seeds. Start sowing as soon as sufficient rainfall occurs for timely crop growth.,राजकोट में बुआई अभी शुरू नहीं हुई है। किसानों को खेत की तैयारी करनी चाहिए और अच्छे गुणवत्ता वाले बीज सुनिश्चित करने चाहिए। पर्याप्त वर्षा होते ही बुआई शुरू करें ताकि फसल समय पर बढ़ सके।,Apply well-decomposed FYM at 10 tonnes per hectare along with a basal dose of 20 kg Phosphorus and 75 kg Potassium per hectare. Avoid early sowing to prevent poor crop establishment. Begin pre-sowing operations only if assured irrigation is available. Purchase certified seeds from reliable sources and always obtain a proper invoice for quality assurance and traceability.,राजकोट में प्रति हेक्टेयर 10 टन अच्छी तरह सड़ी हुई गोबर खाद (FYM) और 20 किलोग्राम फॉस्फोरस व 75 किलोग्राम पोटाश की आधार मात्रा डालें। जल्दी बुआई से बचें ताकि फसल की अच्छी स्थापना हो सके। पूर्व-बुआई कार्य तभी शुरू करें जब सिंचाई की व्यवस्था सुनिश्चित हो। बीज केवल प्रमाणित और विश्वसनीय स्रोत से खरीदें और गुणवत्ता की पुष्टि हेतु पक्की रसीद अवश्य लें।
Gujarat,Junagadh,6/9/2025,6/15/2025,Sowing is yet to be taken up in Junagadh. Farmers are advised to complete land preparation and keep quality seeds ready. Begin sowing promptly after sufficient rainfall to ensure timely crop establishment.,"जूनागढ़ में बुआई अभी शुरू नहीं हुई है। किसानों को खेत की तैयारी पूरी करने और गुणवत्तापूर्ण बीज तैयार रखने की सलाह दी जाती है। जैसे ही पर्याप्त वर्षा हो, समय पर बुआई शुरू करें।",Apply well-decomposed FYM at 10 tonnes per hectare and a basal dose of 20 kg Phosphorus and 75 kg Potassium per hectare. Avoid early sowing to ensure healthy crop establishment. Start pre-sowing operations only if irrigation is available. Always buy seeds from certified sources and ensure a proper invoice is obtained for quality assurance and traceability.,जूनागढ़ में प्रति हेक्टेयर 10 टन अच्छी तरह सड़ी हुई गोबर खाद (FYM) और 20 किलोग्राम फॉस्फोरस तथा 75 किलोग्राम पोटाश की आधार मात्रा डालें। जल्दी बुआई से बचें ताकि फसल की अच्छी वृद्धि हो सके। पूर्व-बुआई कार्य केवल तभी शुरू करें जब सिंचाई की सुविधा उपलब्ध हो। बीज हमेशा प्रमाणित स्रोत से खरीदें और गुणवत्ता सुनिश्चित करने के लिए पक्की रसीद अवश्य लें।
Gujarat,Sabarkantha,6/9/2025,6/15/2025,Sowing is yet to be taken up in Sabarkantha. Farmers should prepare the fields and ensure availability of good quality seeds. Start sowing as soon as sufficient rainfall occurs for timely crop growth.,साबरकांठा में बुआई अभी शुरू नहीं हुई है। किसानों को खेत की तैयारी करनी चाहिए और अच्छे गुणवत्ता वाले बीज सुनिश्चित करने चाहिए। पर्याप्त वर्षा होते ही बुआई शुरू करें ताकि फसल समय पर बढ़ सके।,Apply well-decomposed FYM at 10 tonnes per hectare along with a basal dose of 20 kg Phosphorus and 75 kg Potassium per hectare. Avoid early sowing to ensure proper germination and crop growth. Begin pre-sowing operations only if assured irrigation is available. Purchase quality seeds from certified sources and always collect a proper invoice for record and quality verification.,सबरकांठा में प्रति हेक्टेयर 10 टन अच्छी तरह सड़ी हुई गोबर खाद (FYM) और 20 किलोग्राम फॉस्फोरस व 75 किलोग्राम पोटाश की आधार मात्रा का प्रयोग करें। समय से पहले बुआई से बचें ताकि अच्छा अंकुरण और फसल विकास सुनिश्चित हो सके। पूर्व-बुआई कार्य तभी शुरू करें जब सिंचाई की व्यवस्था हो। बीज केवल प्रमाणित स्रोत से खरीदें और गुणवत्ता की पुष्टि हेतु पक्की रसीद अवश्य प्राप्त करें।
Gujarat,Surendranagar,6/9/2025,6/15/2025,Sowing is yet to be taken up in Surendranagar. Farmers should complete land preparation and keep quality seeds ready. Begin sowing promptly after receiving adequate rainfall to ensure timely crop establishment.,"सुरेंद्रनगर में बुआई अभी शुरू नहीं हुई है। किसानों को खेत की तैयारी पूरी करने और गुणवत्तापूर्ण बीज तैयार रखने की सलाह दी जाती है। जैसे ही पर्याप्त वर्षा हो, समय पर बुआई शुरू करें।",Apply well-decomposed FYM at 10 tonnes per hectare along with a basal dose of 20 kg Phosphorus and 75 kg Potassium per hectare. Avoid early sowing to ensure proper germination and crop establishment. Begin pre-sowing operations only if assured irrigation is available. Always purchase certified seeds from reliable sources and collect a proper invoice for quality assurance and traceability.,सुरेंद्रनगर में प्रति हेक्टेयर 10 टन अच्छी तरह सड़ी हुई गोबर खाद (FYM) और 20 किलोग्राम फॉस्फोरस तथा 75 किलोग्राम पोटाश की आधार मात्रा का प्रयोग करें। समय से पहले बुआई करने से बचें ताकि फसल का सही अंकुरण और विकास सुनिश्चित हो सके। पूर्व-बुआई की प्रक्रिया तभी शुरू करें जब सिंचाई की पूरी व्यवस्था हो। बीज केवल प्रमाणित स्रोत से खरीदें और गुणवत्ता की पुष्टि हेतु पक्की रसीद अवश्य प्राप्त करें।
Gujarat,Ahmedabad,6/9/2025,6/15/2025,Sowing is yet to be taken up in Ahmedabad. Farmers are advised to prepare their fields and keep quality seeds ready. Begin sowing as soon as sufficient rainfall occurs to ensure timely crop establishment.,"अहमदाबाद में बुआई अभी शुरू नहीं हुई है। किसानों को खेत की तैयारी करनी चाहिए और गुणवत्तापूर्ण बीज तैयार रखने चाहिए। जैसे ही पर्याप्त वर्षा हो, समय पर बुआई शुरू करें।",Apply well-decomposed FYM at 10 tonnes per hectare along with a basal dose of 20 kg Phosphorus and 75 kg Potassium per hectare. Avoid early sowing to ensure proper germination and healthy crop growth. Begin pre-sowing operations only if assured irrigation is available. Always buy certified seeds from reliable sources and obtain a proper invoice for traceability and quality assurance.,अहमदाबाद में प्रति हेक्टेयर 10 टन अच्छी तरह सड़ी हुई गोबर खाद (FYM) और 20 किलोग्राम फॉस्फोरस व 75 किलोग्राम पोटाश की आधार मात्रा डालें। समय से पहले बुआई करने से बचें ताकि अंकुरण और फसल का विकास सही तरीके से हो सके। पूर्व-बुआई की प्रक्रिया तभी शुरू करें जब सिंचाई की सुविधा सुनिश्चित हो। बीज केवल प्रमाणित और विश्वसनीय स्रोत से खरीदें और गुणवत्ता की पुष्टि के लिए पक्की रसीद अवश्य प्राप्त करें।
Gujarat,Baroda,6/9/2025,6/15/2025,Sowing is yet to be taken up in Baroda. Farmers should complete land preparation and keep quality seeds ready. Begin sowing promptly after sufficient rainfall to ensure timely crop establishment.,"बड़ौदा में बुआई अभी शुरू नहीं हुई है। किसानों को खेत की तैयारी पूरी करने और गुणवत्तापूर्ण बीज तैयार रखने की सलाह दी जाती है। जैसे ही पर्याप्त वर्षा हो, समय पर बुआई शुरू करें।","Apply well-decomposed FYM at 10 tonnes per hectare along with a basal dose of 20 kg Phosphorus and 75 kg Potassium per hectare. Avoid early sowing to ensure proper germination and crop health. Begin pre-sowing operations only if assured irrigation is available. Purchase seeds only from certified and reliable sources, and always collect a proper invoice for quality assurance and traceability.",बड़ौदा (वडोदरा) में प्रति हेक्टेयर 10 टन अच्छी तरह सड़ी हुई गोबर खाद (FYM) के साथ 20 किलोग्राम फॉस्फोरस और 75 किलोग्राम पोटाश की आधार मात्रा का प्रयोग करें। जल्दी बुआई करने से बचें ताकि अंकुरण और फसल की वृद्धि सही हो सके। पूर्व-बुआई कार्य केवल तब करें जब सिंचाई की सुविधा उपलब्ध हो। बीज हमेशा प्रमाणित और विश्वसनीय स्रोत से खरीदें और गुणवत्ता की पुष्टि के लिए पक्की रसीद अवश्य लें।
Gujarat,Patan,6/9/2025,6/15/2025,Sowing is yet to be taken up in Patan. Farmers should prepare their fields and keep good quality seeds ready. Begin sowing as soon as sufficient rainfall is received to ensure timely crop establishment.,पाटन में बुआई अभी शुरू नहीं हुई है। किसानों को खेत की तैयारी करनी चाहिए और अच्छे गुणवत्ता वाले बीज तैयार रखने चाहिए। पर्याप्त वर्षा होते ही समय पर बुआई शुरू करें।,Apply well-decomposed FYM at 10 tonnes per hectare along with a basal dose of 20 kg Phosphorus and 75 kg Potassium per hectare. Avoid early sowing to ensure good germination and crop establishment. Begin pre-sowing operations only if assured irrigation is available. Purchase seeds from certified sources and always obtain a proper invoice for quality assurance and traceability.,पाटन में प्रति हेक्टेयर 10 टन अच्छी तरह सड़ी हुई गोबर खाद (FYM) के साथ 20 किलोग्राम फॉस्फोरस और 75 किलोग्राम पोटाश की आधार मात्रा डालें। जल्दी बुआई करने से बचें ताकि अंकुरण और फसल की स्थापना सही हो सके। पूर्व-बुआई कार्य तभी शुरू करें जब सिंचाई की सुविधा सुनिश्चित हो। बीज प्रमाणित स्रोत से खरीदें और गुणवत्ता सुनिश्चित करने के लिए पक्की रसीद अवश्य प्राप्त करें।
Gujarat,Mehesana,6/9/2025,6/15/2025,Sowing is yet to be taken up in Mehsana. Farmers should prepare their fields and keep quality seeds ready. Start sowing promptly after receiving adequate rainfall to ensure timely crop growth.,"मेहसाना में बुआई अभी शुरू नहीं हुई है। किसानों को खेत की तैयारी करनी चाहिए और गुणवत्तापूर्ण बीज तैयार रखना चाहिए। जैसे ही पर्याप्त वर्षा हो, समय पर बुआई शुरू करें।",Apply well-decomposed FYM at 10 tonnes per hectare along with a basal dose of 20 kg Phosphorus and 75 kg Potassium per hectare. Avoid early sowing to ensure healthy germination and crop growth. Begin pre-sowing operations only if assured irrigation is available. Purchase certified seeds from trusted sources and always obtain a proper invoice for quality assurance and record-keeping.,मेहसाणा में प्रति हेक्टेयर 10 टन अच्छी तरह सड़ी हुई गोबर खाद (FYM) के साथ 20 किलोग्राम फॉस्फोरस और 75 किलोग्राम पोटाश की आधार मात्रा डालें। जल्दी बुआई से बचें ताकि अंकुरण और फसल की वृद्धि सही हो सके। पूर्व-बुआई कार्य तभी शुरू करें जब सिंचाई की सुविधा सुनिश्चित हो। बीज विश्वसनीय स्रोत से प्रमाणित रूप में खरीदें और गुणवत्ता सुनिश्चित करने के लिए पक्की रसीद अवश्य प्राप्त करें।
Madhya Pradesh,Khargaon,6/9/2025,6/15/2025,Field preparation is currently underway in Khargao­n. Farmers should complete land preparation timely and keep quality seeds ready for sowing. Start sowing as soon as adequate rainfall is received to ensure good crop establishment.,खरगोन में फिलहाल खेत की तैयारी चल रही है। किसानों को समय पर खेत की तैयारी पूरी करनी चाहिए और गुणवत्तापूर्ण बीज तैयार रखने चाहिए। पर्याप्त वर्षा होते ही बुआई शुरू करें ताकि फसल की अच्छी शुरुआत हो सके।,Discourage pre-season sowing to avoid poor crop establishment and pest issues. Prefer early to medium-maturing cotton varieties or hybrids for better yield and timely harvest. Avoid sowing cotton in the same fields where it was grown last year to reduce soil-borne diseases and pest buildup.,"खरगौन में फसल की खराब स्थापना और कीटों की समस्या से बचने के लिए प्री-सीजन बुआई से बचाव करें। बेहतर उत्पादन और समय पर कटाई के लिए जल्दी से मध्यम अवधि वाले कपास के किस्मों या हाइब्रिड्स का चयन करें। पिछले साल जहां कपास उगाई गई थी, उसी खेत में कपास की बुआई न करें ताकि मिट्टी से लगने वाले रोगों और कीटों की समस्या कम हो सके।"
Madhya Pradesh,Dhar,6/9/2025,6/15/2025,Field preparation is in progress in Dhar. Farmers should complete land preparation promptly and keep quality seeds ready for sowing. Begin sowing as soon as adequate rainfall occurs to ensure timely crop establishment.,धार में खेत की तैयारी जारी है। किसानों को समय पर खेत की तैयारी पूरी करनी चाहिए और गुणवत्तापूर्ण बीज तैयार रखना चाहिए। पर्याप्त वर्षा होते ही बुआई शुरू करें ताकि फसल समय पर स्थापित हो सके।,Discourage pre-season sowing to prevent poor crop establishment and pest problems. Choose early to medium-maturing cotton varieties or hybrids for optimal yield and harvest timing. Avoid sowing cotton in the same fields used last year to reduce the risk of soil-borne diseases and pest buildup.,"धार में फसल की सही स्थापना और कीटों की समस्या से बचने के लिए प्री-सीजन बुआई से बचाव करें। बेहतर उत्पादन और समय पर कटाई के लिए जल्दी से मध्यम अवधि वाले कपास की किस्में या हाइब्रिड चुनें। पिछले वर्ष जहां कपास उगाई गई थी, उसी खेत में कपास की बुआई न करें ताकि मिट्टी से लगने वाले रोग और कीटों की समस्या कम हो सके।"
Madhya Pradesh,Khandwa,6/9/2025,6/15/2025,Field preparation is in progress in Khandwa. Farmers are advised to complete land preparation promptly and keep quality seeds ready for sowing. Begin sowing as soon as sufficient rainfall occurs to ensure timely crop establishment.,खंडवा में खेत की तैयारी चल रही है। किसानों को समय पर खेत की तैयारी पूरी करनी चाहिए और गुणवत्तापूर्ण बीज तैयार रखना चाहिए। पर्याप्त वर्षा होते ही बुआई शुरू करें ताकि फसल समय पर स्थापित हो सके।,Discourage pre-season sowing to avoid poor crop establishment and increased pest risk. Prefer early to medium-maturing cotton varieties or hybrids for better yield and timely harvest. Avoid sowing cotton in the same fields where it was cultivated last year to minimize soil-borne diseases and pest buildup.,"खण्डवा में फसल की खराब स्थापना और कीट जोखिम से बचने के लिए प्री-सीजन बुआई से बचाव करें। बेहतर उत्पादन और समय पर कटाई के लिए जल्दी से मध्यम अवधि वाले कपास की किस्में या हाइब्रिड चुनें। पिछले साल जहां कपास उगाई गई थी, उसी खेत में कपास की बुआई न करें ताकि मिट्टी से लगने वाले रोग और कीटों की समस्या कम हो सके।"
Maharashtra,Dhule,6/9/2025,6/15/2025,"Land preparation is in progress in Dhule, similar to reports from Akola. Farmers should complete land preparation promptly and keep quality seeds ready for sowing. Begin sowing as soon as sufficient rainfall is received to ensure timely crop establishment.","धुले में खेत की तैयारी चल रही है, जैसा कि अकोला से रिपोर्ट किया गया है। किसानों को समय पर खेत की तैयारी पूरी करनी चाहिए और गुणवत्तापूर्ण बीज तैयार रखना चाहिए। पर्याप्त वर्षा होते ही बुआई शुरू करें ताकि फसल समय पर स्थापित हो सके।","Begin sowing after receiving 75–100 mm of rainfall. Use early maturing Bt or non-Bt cotton varieties for rainfed conditions and late maturing varieties for irrigated fields. Treat seeds with Carboxin or Thiram before sowing. Apply beneficial biofertilizers such as Azotobacter and Phosphorus Solubilizing Bacteria (PSB) to improve soil fertility. Practice intercropping with greengram or blackgram for better resource use and pest management. For weed control, apply Pendimethalin at 700 ml per acre. Follow recommended spacing and fertilizer guidelines according to the cotton type being cultivated.",धुले में 75–100 मिमी वर्षा होने के बाद बुआई शुरू करें। वर्षा पर निर्भर खेतों के लिए जल्दी पकने वाली Bt या non-Bt कपास की किस्में और सिंचाई वाले खेतों के लिए देर से पकने वाली किस्में उपयोग करें। बुआई से पहले बीजों का Carboxin या Thiram से उपचार करें। मिट्टी की उर्वरता बढ़ाने के लिए अजोटोबैक्टर और फॉस्फोरस सॉलubilizing बैक्टीरिया (PSB) का प्रयोग करें। बेहतर संसाधन उपयोग और कीट प्रबंधन के लिए उड़द या मूंग के साथ अंतःफसल करें। खरपतवार नियंत्रण के लिए Pendimethalin 700 मिलीलीटर प्रति एकड़ छिड़काव करें। कपास की किस्म के अनुसार अनुशंसित दूरी और उर्वरक का पालन करें।
Maharashtra,Nandurbar,6/9/2025,6/15/2025,"Land preparation is in progress in Nandurbar, similar to reports from Akola. Farmers should complete land preparation promptly and keep quality seeds ready for sowing. Begin sowing as soon as sufficient rainfall is received to ensure timely crop establishment.","नंदुरबार में खेत की तैयारी चल रही है, जैसा कि अकोला से रिपोर्ट किया गया है। किसानों को समय पर खेत की तैयारी पूरी करनी चाहिए और गुणवत्तापूर्ण बीज तैयार रखना चाहिए। पर्याप्त वर्षा होते ही बुआई शुरू करें ताकि फसल समय पर स्थापित हो सके।","Begin sowing after receiving 75–100 mm of rainfall. Use early maturing Bt or non-Bt cotton varieties for rainfed conditions and late maturing varieties for irrigated fields. Treat seeds with Carboxin or Thiram before sowing. Apply biofertilizers such as Azotobacter and Phosphorus Solubilizing Bacteria (PSB) to enhance soil fertility. Practice intercropping with greengram or blackgram for improved resource use and pest management. For weed control, apply Pendimethalin at 700 ml per acre. Follow recommended spacing and fertilizer guidelines based on the cotton variety.",नंदुरबार में 75–100 मिमी वर्षा होने के बाद बुआई शुरू करें। वर्षा पर निर्भर खेतों के लिए जल्दी पकने वाली Bt या non-Bt कपास की किस्में और सिंचाई वाले खेतों के लिए देर से पकने वाली किस्में उपयोग करें। बुआई से पहले बीजों का Carboxin या Thiram से उपचार करें। मिट्टी की उर्वरता बढ़ाने के लिए अजोटोबैक्टर और फॉस्फोरस सॉलubilizing बैक्टीरिया (PSB) का प्रयोग करें। बेहतर संसाधन उपयोग और कीट प्रबंधन के लिए उड़द या मूंग के साथ अंतःफसल करें। खरपतवार नियंत्रण हेतु Pendimethalin 700 मिलीलीटर प्रति एकड़ छिड़काव करें। कपास की किस्म के अनुसार अनुशंसित दूरी और उर्वरक का पालन करें।
Maharashtra,Jalgaon,6/9/2025,6/15/2025,"Land preparation is in progress in Jalgaon, as reported from Akola. Farmers should complete land preparation promptly and keep quality seeds ready for sowing. Begin sowing as soon as sufficient rainfall occurs to ensure timely crop establishment.","जलगांव में खेत की तैयारी चल रही है, जैसा कि अकोला से रिपोर्ट किया गया है। किसानों को समय पर खेत की तैयारी पूरी करनी चाहिए और गुणवत्तापूर्ण बीज तैयार रखना चाहिए। पर्याप्त वर्षा होते ही बुआई शुरू करें ताकि फसल समय पर स्थापित हो सके।","Begin sowing after receiving 75–100 mm of rainfall. Use early maturing Bt or non-Bt cotton varieties for rainfed areas and late maturing varieties for irrigated fields. Treat seeds with Carboxin or Thiram before sowing. Apply biofertilizers such as Azotobacter and Phosphorus Solubilizing Bacteria (PSB) to improve soil fertility. Intercrop with greengram or blackgram for better resource utilization and pest management. For weed control, apply Pendimethalin at 700 ml per acre. Follow the recommended spacing and fertilizer application guidelines according to the cotton variety.",जलगांव में 75–100 मिमी वर्षा होने के बाद बुआई शुरू करें। वर्षा पर निर्भर क्षेत्रों के लिए जल्दी पकने वाली Bt या non-Bt कपास की किस्में और सिंचाई वाले खेतों के लिए देर से पकने वाली किस्में उपयोग करें। बुआई से पहले बीजों का Carboxin या Thiram से उपचार करें। मिट्टी की उर्वरता बढ़ाने के लिए अजोटोबैक्टर और फॉस्फोरस सॉलubilizing बैक्टीरिया (PSB) का प्रयोग करें। बेहतर संसाधन उपयोग और कीट प्रबंधन के लिए उड़द या मूंग के साथ अंतःफसल करें। खरपतवार नियंत्रण के लिए Pendimethalin 700 मिलीलीटर प्रति एकड़ छिड़काव करें। कपास की किस्म के अनुसार अनुशंसित दूरी और उर्वरक का पालन करें।
Maharashtra,Ahmednagar,6/9/2025,6/15/2025,"Land preparation is in progress in Ahmednagar, similar to reports from Akola. Farmers should complete land preparation promptly and keep quality seeds ready for sowing. Start sowing as soon as sufficient rainfall occurs to ensure timely crop establishment.","अहमदनगर में खेत की तैयारी चल रही है, जैसा कि अकोला से रिपोर्ट किया गया है। किसानों को समय पर खेत की तैयारी पूरी करनी चाहिए और गुणवत्तापूर्ण बीज तैयार रखना चाहिए। पर्याप्त वर्षा होते ही बुआई शुरू करें ताकि फसल समय पर स्थापित हो सके।","Begin sowing after receiving 75–100 mm of rainfall. Use early maturing Bt or non-Bt cotton varieties for rainfed conditions and late maturing varieties for irrigated fields. Treat seeds with Carboxin or Thiram before sowing. Apply biofertilizers such as Azotobacter and Phosphorus Solubilizing Bacteria (PSB) to improve soil fertility. Intercrop with greengram or blackgram for better resource utilization and pest management. For weed control, apply Pendimethalin at 700 ml per acre. Follow recommended spacing and fertilizer guidelines as per the cotton variety.",अहमदनगर में 75–100 मिमी वर्षा होने के बाद बुआई शुरू करें। वर्षा पर निर्भर खेतों के लिए जल्दी पकने वाली Bt या non-Bt कपास की किस्में और सिंचाई वाले खेतों के लिए देर से पकने वाली किस्में उपयोग करें। बुआई से पहले बीजों का Carboxin या Thiram से उपचार करें। मिट्टी की उर्वरता बढ़ाने के लिए अजोटोबैक्टर और फॉस्फोरस सॉलubilizing बैक्टीरिया (PSB) का प्रयोग करें। बेहतर संसाधन उपयोग और कीट प्रबंधन के लिए उड़द या मूंग के साथ अंतःफसल करें। खरपतवार नियंत्रण हेतु Pendimethalin 700 मिलीलीटर प्रति एकड़ छिड़काव करें। कपास की किस्म के अनुसार अनुशंसित दूरी और उर्वरक का पालन करें।
Maharashtra,Aurangabad,6/9/2025,6/15/2025,"Land preparation is in progress in Aurangabad, similar to reports from Akola. Farmers should complete land preparation promptly and keep quality seeds ready for sowing. Begin sowing as soon as adequate rainfall is received to ensure timely crop establishment.","औरंगाबाद में खेत की तैयारी चल रही है, जैसा कि अकोला से रिपोर्ट किया गया है। किसानों को समय पर खेत की तैयारी पूरी करनी चाहिए और गुणवत्तापूर्ण बीज तैयार रखना चाहिए। पर्याप्त वर्षा होते ही बुआई शुरू करें ताकि फसल समय पर स्थापित हो सके।","Begin sowing after receiving 75–100 mm of rainfall. Use early maturing Bt or non-Bt cotton varieties for rainfed conditions and late maturing varieties for irrigated fields. Treat seeds with Carboxin or Thiram before sowing. Apply biofertilizers such as Azotobacter and Phosphorus Solubilizing Bacteria (PSB) to enhance soil fertility. Intercrop with greengram or blackgram for better resource use and pest management. For weed control, apply Pendimethalin at 700 ml per acre. Follow recommended spacing and fertilizer guidelines according to the cotton variety.",औरंगाबाद में 75–100 मिमी वर्षा होने के बाद बुआई शुरू करें। वर्षा पर निर्भर खेतों के लिए जल्दी पकने वाली Bt या non-Bt कपास की किस्में और सिंचाई वाले खेतों के लिए देर से पकने वाली किस्में उपयोग करें। बुआई से पहले बीजों का Carboxin या Thiram से उपचार करें। मिट्टी की उर्वरता बढ़ाने के लिए अजोटोबैक्टर और फॉस्फोरस सॉलubilizing बैक्टीरिया (PSB) का प्रयोग करें। बेहतर संसाधन उपयोग और कीट प्रबंधन के लिए उड़द या मूंग के साथ अंतःफसल करें। खरपतवार नियंत्रण हेतु Pendimethalin 700 मिलीलीटर प्रति एकड़ छिड़काव करें। कपास की किस्म के अनुसार अनुशंसित दूरी और उर्वरक का पालन करें।
Maharashtra,Jalna,6/9/2025,6/15/2025,"Land preparation is in progress in Jalna, as reported from Akola. Farmers should complete land preparation promptly and keep quality seeds ready for sowing. Begin sowing as soon as sufficient rainfall occurs to ensure timely crop establishment.","जालना में खेत की तैयारी चल रही है, जैसा कि अकोला से रिपोर्ट किया गया है। किसानों को समय पर खेत की तैयारी पूरी करनी चाहिए और गुणवत्तापूर्ण बीज तैयार रखना चाहिए। पर्याप्त वर्षा होते ही बुआई शुरू करें ताकि फसल समय पर स्थापित हो सके।","Begin sowing after receiving 75–100 mm of rainfall. Use early maturing Bt or non-Bt cotton varieties for rainfed conditions and late maturing varieties for irrigated fields. Treat seeds with Carboxin or Thiram before sowing. Apply biofertilizers such as Azotobacter and Phosphorus Solubilizing Bacteria (PSB) to improve soil fertility. Intercrop with greengram or blackgram to optimize resource use and pest control. For weed management, apply Pendimethalin at 700 ml per acre. Follow recommended spacing and fertilizer guidelines according to the cotton type.",जलना में 75–100 मिमी वर्षा होने के बाद बुआई शुरू करें। वर्षा पर निर्भर खेतों के लिए जल्दी पकने वाली Bt या non-Bt कपास की किस्में और सिंचाई वाले खेतों के लिए देर से पकने वाली किस्में उपयोग करें। बुआई से पहले बीजों का Carboxin या Thiram से उपचार करें। मिट्टी की उर्वरता बढ़ाने के लिए अजोटोबैक्टर और फॉस्फोरस सॉलubilizing बैक्टीरिया (PSB) का प्रयोग करें। बेहतर संसाधन उपयोग और कीट नियंत्रण के लिए उड़द या मूंग के साथ अंतःफसल करें। खरपतवार नियंत्रण हेतु Pendimethalin 700 मिलीलीटर प्रति एकड़ छिड़काव करें। कपास की किस्म के अनुसार अनुशंसित दूरी और उर्वरक का पालन करें।
Maharashtra,Beed,6/9/2025,6/15/2025,"Land preparation is in progress in Beed, similar to reports from Akola. Farmers should complete land preparation promptly and keep quality seeds ready for sowing. Begin sowing as soon as sufficient rainfall is received to ensure timely crop establishment.","बीड में खेत की तैयारी चल रही है, जैसा कि अकोला से रिपोर्ट किया गया है। किसानों को समय पर खेत की तैयारी पूरी करनी चाहिए और गुणवत्तापूर्ण बीज तैयार रखना चाहिए। पर्याप्त वर्षा होते ही बुआई शुरू करें ताकि फसल समय पर स्थापित हो सके।","Begin sowing after receiving 75–100 mm of rainfall. Use early maturing Bt or non-Bt cotton varieties for rainfed conditions and late maturing varieties for irrigated fields. Treat seeds with Carboxin or Thiram before sowing. Apply biofertilizers such as Azotobacter and Phosphorus Solubilizing Bacteria (PSB) to enhance soil fertility. Intercrop with greengram or blackgram to improve resource use and pest management. For weed control, apply Pendimethalin at 700 ml per acre. Follow recommended spacing and fertilizer guidelines according to the cotton variety.",बीड में 75–100 मिमी वर्षा होने के बाद बुआई शुरू करें। वर्षा पर निर्भर खेतों के लिए जल्दी पकने वाली Bt या non-Bt कपास की किस्में और सिंचाई वाले खेतों के लिए देर से पकने वाली किस्में उपयोग करें। बुआई से पहले बीजों का Carboxin या Thiram से उपचार करें। मिट्टी की उर्वरता बढ़ाने के लिए अजोटोबैक्टर और फॉस्फोरस सॉलubilizing बैक्टीरिया (PSB) का प्रयोग करें। बेहतर संसाधन उपयोग और कीट प्रबंधन के लिए उड़द या मूंग के साथ अंतःफसल करें। खरपतवार नियंत्रण हेतु Pendimethalin 700 मिलीलीटर प्रति एकड़ छिड़काव करें। कपास की किस्म के अनुसार अनुशंसित दूरी और उर्वरक का पालन करें।
Maharashtra,Nanded,6/9/2025,6/15/2025,"Land preparation is in progress in Nanded, similar to reports from Akola. Farmers should complete land preparation promptly and keep quality seeds ready for sowing. Begin sowing as soon as sufficient rainfall is received to ensure timely crop establishment.","नांदेड में खेत की तैयारी चल रही है, जैसा कि अकोला से रिपोर्ट किया गया है। किसानों को समय पर खेत की तैयारी पूरी करनी चाहिए और गुणवत्तापूर्ण बीज तैयार रखना चाहिए। पर्याप्त वर्षा होते ही बुआई शुरू करें ताकि फसल समय पर स्थापित हो सके।","Begin sowing after receiving 75–100 mm of rainfall. Use early maturing Bt or non-Bt cotton varieties for rainfed conditions and late maturing varieties for irrigated fields. Treat seeds with Carboxin or Thiram before sowing. Apply biofertilizers such as Azotobacter and Phosphorus Solubilizing Bacteria (PSB) to improve soil fertility. Intercrop with greengram or blackgram to optimize resource use and pest control. For weed management, apply Pendimethalin at 700 ml per acre. Follow recommended spacing and fertilizer guidelines based on the cotton type.",नांदेड़ में 75–100 मिमी वर्षा होने के बाद बुआई शुरू करें। वर्षा पर निर्भर खेतों के लिए जल्दी पकने वाली Bt या non-Bt कपास की किस्में और सिंचाई वाले खेतों के लिए देर से पकने वाली किस्में उपयोग करें। बुआई से पहले बीजों का Carboxin या Thiram से उपचार करें। मिट्टी की उर्वरता बढ़ाने के लिए अजोटोबैक्टर और फॉस्फोरस सॉलubilizing बैक्टीरिया (PSB) का प्रयोग करें। बेहतर संसाधन उपयोग और कीट नियंत्रण के लिए उड़द या मूंग के साथ अंतःफसल करें। खरपतवार नियंत्रण हेतु Pendimethalin 700 मिलीलीटर प्रति एकड़ छिड़काव करें। कपास की किस्म के अनुसार अनुशंसित दूरी और उर्वरक का पालन करें।
Maharashtra,Parbhani,6/9/2025,6/15/2025,"Land preparation is in progress in Parbhani, similar to reports from Akola. Farmers should complete land preparation promptly and keep quality seeds ready for sowing. Begin sowing as soon as adequate rainfall occurs to ensure timely crop establishment.","परभनी में खेत की तैयारी चल रही है, जैसा कि अकोला से रिपोर्ट किया गया है। किसानों को समय पर खेत की तैयारी पूरी करनी चाहिए और गुणवत्तापूर्ण बीज तैयार रखना चाहिए। पर्याप्त वर्षा होते ही बुआई शुरू करें ताकि फसल समय पर स्थापित हो सके।","Begin sowing after receiving 75–100 mm of rainfall. Use early maturing Bt or non-Bt cotton varieties for rainfed conditions and late maturing varieties for irrigated fields. Treat seeds with Carboxin or Thiram before sowing. Apply biofertilizers such as Azotobacter and Phosphorus Solubilizing Bacteria (PSB) to improve soil fertility. Intercrop with greengram or blackgram for better resource utilization and pest management. For weed control, apply Pendimethalin at 700 ml per acre. Follow recommended spacing and fertilizer guidelines according to the cotton variety.",परभणी में 75–100 मिमी वर्षा होने के बाद बुआई शुरू करें। वर्षा पर निर्भर खेतों के लिए जल्दी पकने वाली Bt या non-Bt कपास की किस्में और सिंचाई वाले खेतों के लिए देर से पकने वाली किस्में उपयोग करें। बुआई से पहले बीजों का Carboxin या Thiram से उपचार करें। मिट्टी की उर्वरता बढ़ाने के लिए अजोटोबैक्टर और फॉस्फोरस सॉलubilizing बैक्टीरिया (PSB) का प्रयोग करें। बेहतर संसाधन उपयोग और कीट प्रबंधन के लिए उड़द या मूंग के साथ अंतःफसल करें। खरपतवार नियंत्रण हेतु Pendimethalin 700 मिलीलीटर प्रति एकड़ छिड़काव करें। कपास की किस्म के अनुसार अनुशंसित दूरी और उर्वरक का पालन करें।
Maharashtra,Hingoli,6/9/2025,6/15/2025,"Land preparation is in progress in Hingoli, as reported from Akola. Farmers should complete land preparation promptly and keep quality seeds ready for sowing. Begin sowing as soon as adequate rainfall occurs to ensure timely crop establishment.","हिंगोली में खेत की तैयारी चल रही है, जैसा कि अकोला से रिपोर्ट किया गया है। किसानों को समय पर खेत की तैयारी पूरी करनी चाहिए और गुणवत्तापूर्ण बीज तैयार रखना चाहिए। पर्याप्त वर्षा होते ही बुआई शुरू करें ताकि फसल समय पर स्थापित हो सके।","Begin sowing after receiving 75–100 mm of rainfall. Use early maturing Bt or non-Bt cotton varieties for rainfed areas and late maturing varieties for irrigated fields. Treat seeds with Carboxin or Thiram before sowing. Apply biofertilizers like Azotobacter and Phosphorus Solubilizing Bacteria (PSB) to improve soil fertility. Intercrop with greengram or blackgram for better resource use and pest management. For weed control, apply Pendimethalin at 700 ml per acre. Follow recommended spacing and fertilizer guidelines based on the cotton variety.",हिंगोली में 75–100 मिमी वर्षा होने के बाद बुआई शुरू करें। वर्षा पर निर्भर क्षेत्रों के लिए जल्दी पकने वाली Bt या non-Bt कपास की किस्में और सिंचाई वाले खेतों के लिए देर से पकने वाली किस्में उपयोग करें। बुआई से पहले बीजों का Carboxin या Thiram से उपचार करें। मिट्टी की उर्वरता बढ़ाने के लिए अजोटोबैक्टर और फॉस्फोरस सॉलubilizing बैक्टीरिया (PSB) का प्रयोग करें। बेहतर संसाधन उपयोग और कीट प्रबंधन के लिए उड़द या मूंग के साथ अंतःफसल करें। खरपतवार नियंत्रण हेतु Pendimethalin 700 मिलीलीटर प्रति एकड़ छिड़काव करें। कपास की किस्म के अनुसार अनुशंसित दूरी और उर्वरक का पालन करें।
Maharashtra,Buldhana,6/9/2025,6/15/2025,"Land preparation is in progress in Buldhana, similar to reports from Akola. Farmers should complete land preparation promptly and keep quality seeds ready for sowing. Begin sowing as soon as sufficient rainfall occurs to ensure timely crop establishment.","बुलढाना में खेत की तैयारी चल रही है, जैसा कि अकोला से रिपोर्ट किया गया है। किसानों को समय पर खेत की तैयारी पूरी करनी चाहिए और गुणवत्तापूर्ण बीज तैयार रखना चाहिए। पर्याप्त वर्षा होते ही बुआई शुरू करें ताकि फसल समय पर स्थापित हो सके।","Begin sowing after receiving 75–100 mm of rainfall. Use early maturing Bt or non-Bt cotton varieties for rainfed areas and late maturing varieties for irrigated fields. Treat seeds with Carboxin or Thiram before sowing. Apply biofertilizers such as Azotobacter and Phosphorus Solubilizing Bacteria (PSB) to improve soil fertility. Intercrop with greengram or blackgram to enhance resource use and pest management. For weed control, apply Pendimethalin at 700 ml per acre. Follow recommended spacing and fertilizer guidelines as per the cotton variety.",बुलढाना में 75–100 मिमी वर्षा होने के बाद बुआई शुरू करें। वर्षा पर निर्भर क्षेत्रों के लिए जल्दी पकने वाली Bt या non-Bt कपास की किस्में और सिंचाई वाले खेतों के लिए देर से पकने वाली किस्में उपयोग करें। बुआई से पहले बीजों का Carboxin या Thiram से उपचार करें। मिट्टी की उर्वरता बढ़ाने के लिए अजोटोबैक्टर और फॉस्फोरस सॉलubilizing बैक्टीरिया (PSB) का प्रयोग करें। बेहतर संसाधन उपयोग और कीट प्रबंधन के लिए उड़द या मूंग के साथ अंतःफसल करें। खरपतवार नियंत्रण हेतु Pendimethalin 700 मिलीलीटर प्रति एकड़ छिड़काव करें। कपास की किस्म के अनुसार अनुशंसित दूरी और उर्वरक का पालन करें।
Maharashtra,Akola,6/9/2025,6/15/2025,Land preparation has been completed in Akola. Farmers should ensure quality seeds are ready and start sowing promptly after receiving adequate rainfall to ensure timely crop establishment.,अकोला में खेत की तैयारी पूरी हो चुकी है। किसानों को गुणवत्तापूर्ण बीज तैयार रखना चाहिए और पर्याप्त वर्षा होने पर समय पर बुआई शुरू करनी चाहिए ताकि फसल समय पर स्थापित हो सके।,"Begin sowing after receiving 75–100 mm of rainfall. Use early maturing Bt or non-Bt cotton varieties for rainfed conditions and late maturing varieties for irrigated fields. Treat seeds with Carboxin or Thiram before sowing. Apply biofertilizers such as Azotobacter and Phosphorus Solubilizing Bacteria (PSB) to enhance soil fertility. Intercrop with greengram or blackgram to improve resource use and pest management. For weed control, apply Pendimethalin at 700 ml per acre. Follow recommended spacing and fertilizer guidelines as per the cotton type.",अकोला में 75–100 मिमी वर्षा होने के बाद बुआई शुरू करें। वर्षा पर निर्भर खेतों के लिए जल्दी पकने वाली Bt या non-Bt कपास की किस्में और सिंचाई वाले खेतों के लिए देर से पकने वाली किस्में उपयोग करें। बुआई से पहले बीजों का Carboxin या Thiram से उपचार करें। मिट्टी की उर्वरता बढ़ाने के लिए अजोटोबैक्टर और फॉस्फोरस सॉलubilizing बैक्टीरिया (PSB) का प्रयोग करें। बेहतर संसाधन उपयोग और कीट प्रबंधन के लिए उड़द या मूंग के साथ अंतःफसल करें। खरपतवार नियंत्रण हेतु Pendimethalin 700 मिलीलीटर प्रति एकड़ छिड़काव करें। कपास की किस्म के अनुसार अनुशंसित दूरी और उर्वरक का पालन करें।
Maharashtra,Washim,6/9/2025,6/15/2025,Land preparation has been completed in Washim. Current crop conditions are stable. Farmers are advised to monitor early sown crops for germination and growth. Ensure weed-free fields and avoid over-irrigation. Prepare inputs like fertilizers and seeds for timely sowing of remaining fields after rainfall.,वाशिम में भूमि तैयारी पूरी हो चुकी है। वर्तमान में फसल की स्थिति सामान्य है। पहले से बोई गई फसलों में अंकुरण और वृद्धि की निगरानी करें। खेतों को खरपतवार रहित रखें और अधिक सिंचाई से बचें। अगली वर्षा के बाद शेष खेतों में समय पर बुआई के लिए बीज व उर्वरक जैसे इनपुट तैयार रखें।,"Begin sowing after receiving 75–100 mm of rainfall. Use early maturing Bt or non-Bt cotton varieties for rainfed conditions and late maturing varieties for irrigated fields. Treat seeds with Carboxin or Thiram before sowing. Apply biofertilizers such as Azotobacter and Phosphorus Solubilizing Bacteria (PSB) to improve soil fertility. Intercrop with greengram or blackgram for efficient resource use and pest management. For weed control, apply Pendimethalin at 700 ml per acre. Follow recommended spacing and fertilizer guidelines as per the cotton type.",वाशिम में 75–100 मिमी वर्षा होने के बाद बुआई शुरू करें। वर्षा पर निर्भर खेतों के लिए जल्दी पकने वाली Bt या non-Bt कपास की किस्में और सिंचाई वाले खेतों के लिए देर से पकने वाली किस्में उपयोग करें। बुआई से पहले बीजों का Carboxin या Thiram से उपचार करें। मिट्टी की उर्वरता बढ़ाने के लिए अजोटोबैक्टर और फॉस्फोरस सॉलubilizing बैक्टीरिया (PSB) का प्रयोग करें। बेहतर संसाधन उपयोग और कीट प्रबंधन के लिए उड़द या मूंग के साथ अंतःफसल करें। खरपतवार नियंत्रण हेतु Pendimethalin 700 मिलीलीटर प्रति एकड़ छिड़काव करें। कपास की किस्म के अनुसार अनुशंसित दूरी और उर्वरक का पालन करें।
Maharashtra,Amravati,6/9/2025,6/15/2025,"Land preparation has been completed in Amravati. Current crop conditions are satisfactory. Farmers should regularly monitor early sown crops for uniform germination and pest activity. Maintain proper field hygiene, and ensure timely gap filling where germination is poor. Prepare inputs for sowing in pending fields after the next rainfall.",अमरावती में भूमि तैयारी पूरी हो चुकी है। वर्तमान में फसल की स्थिति संतोषजनक है। पहले से बोई गई फसलों में समान अंकुरण और कीट गतिविधि की नियमित निगरानी करें। खेतों की स्वच्छता बनाए रखें और जहां अंकुरण कम हो वहां समय पर पुनः बुआई करें। अगली वर्षा के बाद शेष खेतों की बुआई के लिए आवश्यक इनपुट तैयार रखें।,"Begin sowing after receiving 75–100 mm of rainfall. Use early maturing Bt or non-Bt cotton varieties for rainfed conditions and late maturing varieties for irrigated fields. Treat seeds with Carboxin or Thiram before sowing. Apply biofertilizers such as Azotobacter and Phosphorus Solubilizing Bacteria (PSB) to enhance soil fertility. Intercrop with greengram or blackgram for better resource utilization and pest management. For weed control, apply Pendimethalin at 700 ml per acre. Follow recommended spacing and fertilizer guidelines according to the cotton type.",अमरावती में 75–100 मिमी वर्षा होने के बाद बुआई शुरू करें। वर्षा पर निर्भर खेतों के लिए जल्दी पकने वाली Bt या non-Bt कपास की किस्में और सिंचाई वाले खेतों के लिए देर से पकने वाली किस्में उपयोग करें। बुआई से पहले बीजों का Carboxin या Thiram से उपचार करें। मिट्टी की उर्वरता बढ़ाने के लिए अजोटोबैक्टर और फॉस्फोरस सॉलubilizing बैक्टीरिया (PSB) का प्रयोग करें। बेहतर संसाधन उपयोग और कीट प्रबंधन के लिए उड़द या मूंग के साथ अंतःफसल करें। खरपतवार नियंत्रण हेतु Pendimethalin 700 मिलीलीटर प्रति एकड़ छिड़काव करें। कपास की किस्म के अनुसार अनुशंसित दूरी और उर्वरक का पालन करें।
Maharashtra,Yavatmal,6/9/2025,6/15/2025,Land preparation has been completed in Yavatmal. Current crop condition is stable. Farmers should monitor early sown crops for germination and any pest or disease symptoms. Maintain weed-free fields and avoid excessive irrigation. Keep inputs ready for sowing in remaining areas once favorable rainfall occurs.,यवतमाल में भूमि तैयारी पूरी हो चुकी है। वर्तमान में फसल की स्थिति सामान्य है। पहले से बोई गई फसलों में अंकुरण तथा कीट या रोग के लक्षणों की निगरानी करें। खेतों को खरपतवार रहित रखें और अधिक सिंचाई से बचें। अगली अनुकूल वर्षा के बाद शेष क्षेत्रों में बुआई के लिए आवश्यक इनपुट तैयार रखें।,"Begin sowing after receiving 75–100 mm of rainfall. Use early maturing Bt or non-Bt cotton varieties for rainfed conditions and late maturing varieties for irrigated fields. Treat seeds with Carboxin or Thiram before sowing. Apply biofertilizers such as Azotobacter and Phosphorus Solubilizing Bacteria (PSB) to improve soil fertility. Intercrop with greengram or blackgram for better resource utilization and pest management. For weed control, apply Pendimethalin at 700 ml per acre. Follow recommended spacing and fertilizer guidelines according to the cotton type.",यवतमाल में 75–100 मिमी वर्षा होने के बाद बुआई शुरू करें। वर्षा पर निर्भर खेतों के लिए जल्दी पकने वाली Bt या non-Bt कपास की किस्में और सिंचाई वाले खेतों के लिए देर से पकने वाली किस्में उपयोग करें। बुआई से पहले बीजों का Carboxin या Thiram से उपचार करें। मिट्टी की उर्वरता बढ़ाने के लिए अजोटोबैक्टर और फॉस्फोरस सॉलubilizing बैक्टीरिया (PSB) का प्रयोग करें। बेहतर संसाधन उपयोग और कीट प्रबंधन के लिए उड़द या मूंग के साथ अंतःफसल करें। खरपतवार नियंत्रण हेतु Pendimethalin 700 मिलीलीटर प्रति एकड़ छिड़काव करें। कपास की किस्म के अनुसार अनुशंसित दूरी और उर्वरक का पालन करें। 
Maharashtra,Wardha,6/9/2025,6/15/2025,"Land preparation has been completed in Wardha. Early sown crops are showing stable growth. Farmers should monitor fields for uniform germination, pest activity, and early weed emergence. Avoid unnecessary irrigation and keep inputs ready for sowing in pending fields after the next rainfall.","वर्धा में भूमि तैयारी पूरी हो चुकी है। पहले से बोई गई फसलें स्थिर वृद्धि दिखा रही हैं। किसान समान अंकुरण, कीट गतिविधि और प्रारंभिक खरपतवार की निगरानी करें। अनावश्यक सिंचाई से बचें और अगली वर्षा के बाद शेष खेतों में बुआई के लिए इनपुट तैयार रखें।","Begin sowing after receiving 75–100 mm of rainfall. Use early maturing Bt or non-Bt cotton varieties for rainfed conditions and late maturing varieties for irrigated fields. Treat seeds with Carboxin or Thiram before sowing. Apply biofertilizers such as Azotobacter and Phosphorus Solubilizing Bacteria (PSB) to enhance soil fertility. Intercrop with greengram or blackgram for better resource utilization and pest management. For weed control, apply Pendimethalin at 700 ml per acre. Follow recommended spacing and fertilizer guidelines according to the cotton variety.",वर्धा में 75–100 मिमी वर्षा होने के बाद बुआई शुरू करें। वर्षा पर निर्भर खेतों के लिए जल्दी पकने वाली Bt या non-Bt कपास की किस्में और सिंचाई वाले खेतों के लिए देर से पकने वाली किस्में उपयोग करें। बुआई से पहले बीजों का Carboxin या Thiram से उपचार करें। मिट्टी की उर्वरता बढ़ाने के लिए अजोटोबैक्टर और फॉस्फोरस सॉलubilizing बैक्टीरिया (PSB) का प्रयोग करें। बेहतर संसाधन उपयोग और कीट प्रबंधन के लिए उड़द या मूंग के साथ अंतःफसल करें। खरपतवार नियंत्रण हेतु Pendimethalin 700 मिलीलीटर प्रति एकड़ छिड़काव करें। कपास की किस्म के अनुसार अनुशंसित दूरी और उर्वरक का पालन करें।
Maharashtra,Nagpur,6/9/2025,6/15/2025,"Land preparation has been completed in Nagpur. Early sown crops are in stable condition. Farmers should monitor crop emergence and inspect for any signs of pests or diseases. Maintain field hygiene, control early weeds, and avoid excess irrigation. Keep seeds and fertilizers ready for remaining sowing after the next rainfall.","नागपुर में भूमि तैयारी पूरी हो चुकी है। पहले से बोई गई फसलों की स्थिति सामान्य है। किसान फसलों के अंकुरण की निगरानी करें और कीट या रोग के लक्षणों की जांच करें। खेतों की स्वच्छता बनाए रखें, प्रारंभिक खरपतवार नियंत्रित करें और अधिक सिंचाई से बचें। अगली वर्षा के बाद शेष बुआई के लिए बीज व उर्वरक तैयार रखें।","Begin sowing after receiving 75–100 mm of rainfall. Use early maturing Bt or non-Bt cotton varieties for rainfed conditions and late maturing varieties for irrigated fields. Treat seeds with Carboxin or Thiram before sowing. Apply biofertilizers such as Azotobacter and Phosphorus Solubilizing Bacteria (PSB) to enhance soil fertility. Intercrop with greengram or blackgram for improved resource use and pest management. For weed control, apply Pendimethalin at 700 ml per acre. Follow recommended spacing and fertilizer guidelines as per the cotton variety.",नागपुर में 75–100 मिमी वर्षा होने के बाद बुआई शुरू करें। वर्षा पर निर्भर खेतों के लिए जल्दी पकने वाली Bt या non-Bt कपास की किस्में और सिंचाई वाले खेतों के लिए देर से पकने वाली किस्में उपयोग करें। बुआई से पहले बीजों का Carboxin या Thiram से उपचार करें। मिट्टी की उर्वरता बढ़ाने के लिए अजोटोबैक्टर और फॉस्फोरस सॉलubilizing बैक्टीरिया (PSB) का प्रयोग करें। बेहतर संसाधन उपयोग और कीट प्रबंधन के लिए उड़द या मूंग के साथ अंतःफसल करें। खरपतवार नियंत्रण हेतु Pendimethalin 700 मिलीलीटर प्रति एकड़ छिड़काव करें। कपास की किस्म के अनुसार अनुशंसित दूरी और उर्वरक का पालन करें।
Maharashtra,Chandrapur,6/9/2025,6/15/2025,"Land preparation has been completed in Chandrapur. Early sown crops are progressing well. Farmers should regularly monitor for uniform germination and early pest or disease symptoms. Maintain clean fields, manage weeds timely, and avoid over-irrigation. Keep all necessary inputs ready for sowing in remaining fields after the next rainfall.","चंद्रपुर में भूमि तैयारी पूरी हो चुकी है। पहले से बोई गई फसलें अच्छी प्रगति कर रही हैं। किसान समान अंकुरण और प्रारंभिक कीट या रोग के लक्षणों की नियमित निगरानी करें। खेतों को साफ रखें, समय पर खरपतवार नियंत्रण करें और अधिक सिंचाई से बचें। अगली वर्षा के बाद शेष खेतों की बुआई के लिए सभी आवश्यक इनपुट तैयार रखें।","Begin sowing after receiving 75–100 mm of rainfall. Use early maturing Bt or non-Bt cotton varieties for rainfed areas and late maturing varieties for irrigated fields. Treat seeds with Carboxin or Thiram before sowing. Apply biofertilizers such as Azotobacter and Phosphorus Solubilizing Bacteria (PSB) to enhance soil fertility. Intercrop with greengram or blackgram for efficient resource use and pest management. For weed control, apply Pendimethalin at 700 ml per acre. Follow recommended spacing and fertilizer guidelines according to the cotton type.",चंद्रपुर में 75–100 मिमी वर्षा होने के बाद बुआई शुरू करें। वर्षा पर निर्भर खेतों के लिए जल्दी पकने वाली Bt या non-Bt कपास की किस्में और सिंचाई वाले खेतों के लिए देर से पकने वाली किस्में उपयोग करें। बुआई से पहले बीजों का Carboxin या Thiram से उपचार करें। मिट्टी की उर्वरता बढ़ाने के लिए अजोटोबैक्टर और फॉस्फोरस सॉलubilizing बैक्टीरिया (PSB) का प्रयोग करें। बेहतर संसाधन उपयोग और कीट प्रबंधन के लिए उड़द या मूंग के साथ अंतःफसल करें। खरपतवार नियंत्रण हेतु Pendimethalin 700 मिलीलीटर प्रति एकड़ छिड़काव करें। कपास की किस्म के अनुसार अनुशंसित दूरी और उर्वरक का पालन करें।
Telangana,Adilabad,6/9/2025,6/15/2025,"Land preparation has been completed in Adilabad. Farmers are advised to wait for 60–70 mm of effective rainfall before starting sowing operations. Avoid early sowing in dry conditions to ensure good germination. Keep seeds, fertilizers, and tools ready for timely sowing once sufficient rainfall is received.","आदिलाबाद में भूमि तैयारी पूरी हो चुकी है। किसानों को बुआई शुरू करने से पहले 60–70 मिमी प्रभावी वर्षा की प्रतीक्षा करने की सलाह दी जाती है। सूखी स्थिति में समय से पहले बुआई से बचें ताकि अच्छा अंकुरण सुनिश्चित हो सके। पर्याप्त वर्षा होने पर समय पर बुआई के लिए बीज, उर्वरक और उपकरण तैयार रखें।","Take up deep summer ploughing to destroy pink bollworm pupae and weed seeds. This practice helps reduce pest population and controls weed growth effectively, preparing the field for a healthier crop.","गहरे ग्रीष्मकालीन जुताई करें ताकि पिंक बोलवर्म के प्यूपा और खरपतवार के बीज नष्ट हो सकें। यह उपाय कीट जनसंख्या को कम करने और खरपतवार नियंत्रण में सहायक होता है, जिससे खेत स्वस्थ फसल के लिए तैयार होता है।"
Telangana,Warangal,6/9/2025,6/15/2025,Land preparation has been completed in Warangal. Farmers are advised to wait for 60–70 mm of effective rainfall before initiating sowing. Avoid premature sowing in dry soil to ensure proper germination. Keep inputs like seeds and fertilizers ready for timely sowing once adequate rainfall is received.,वारंगल में भूमि तैयारी पूरी हो चुकी है। किसानों को बुआई शुरू करने से पहले 60–70 मिमी प्रभावी वर्षा की प्रतीक्षा करने की सलाह दी जाती है। सूखी मिट्टी में जल्दबाजी में बुआई करने से बचें ताकि उचित अंकुरण सुनिश्चित हो सके। पर्याप्त वर्षा होने पर समय पर बुआई के लिए बीज और उर्वरक जैसे इनपुट तैयार रखें।,Practice crop rotation every 2–3 seasons to maintain soil health and reduce pest buildup. Perform deep ploughing and apply Farm Yard Manure (FYM) to improve soil fertility. Begin sowing medium-duration cotton hybrids after receiving 60–70 mm of rainfall. Select the variety or hybrid based on the soil suitability for optimal growth and yield.,वारंगल में मिट्टी के स्वास्थ्य को बनाए रखने और कीट नियंत्रण के लिए हर 2–3 मौसम में फसल चक्रीकरण करें। गहरी जुताई करें और खेत में गोबर की खाद (FYM) डालें ताकि मिट्टी की उर्वरता बढ़े। 60–70 मिमी वर्षा होने के बाद मध्यम अवधि वाले कपास के हाईब्रिड्स की बुआई करें। फसल के बेहतर विकास और उत्पादन के लिए मिट्टी की उपयुक्तता के अनुसार किस्म या हाइब्रिड का चयन करें।
Telangana,Khammam,6/9/2025,6/15/2025,"Land preparation has been completed in Khammam. Farmers are advised to wait for 60–70 mm of effective rainfall before beginning sowing operations. Avoid early sowing in dry soil to prevent poor germination. Keep seeds, fertilizers, and tools ready for timely sowing once adequate rainfall is received.","खम्मम में भूमि तैयारी पूरी हो चुकी है। किसानों को बुआई शुरू करने से पहले 60–70 मिमी प्रभावी वर्षा की प्रतीक्षा करने की सलाह दी जाती है। सूखी मिट्टी में समय से पहले बुआई करने से बचें ताकि कमजोर अंकुरण न हो। पर्याप्त वर्षा होने पर समय पर बुआई के लिए बीज, उर्वरक और उपकरण तैयार रखें।","Not specifically mentioned in advisory for Khammam in the current update. However, farmers are advised to continue monitoring crop health and soil conditions. Regularly follow local weather forecasts and adjust irrigation practices as per crop needs. Ensure timely nutrient management according to the crop stage. Remain alert for pest and weed activity, and take preventive actions as necessary to maintain crop health.","खम्मम के लिए वर्तमान सलाह में कोई विशेष अपडेट नहीं दी गई है। हालांकि, किसानों को फसल की स्थिति और मिट्टी की स्थिति पर लगातार नजर रखने की सलाह दी जाती है। स्थानीय मौसम पूर्वानुमान के अनुसार सिंचाई प्रथाओं को अनुकूलित करें और फसल के चरण के अनुसार पोषक तत्वों का प्रबंधन सुनिश्चित करें। कीटों और खरपतवार की गतिविधि के प्रति सतर्क रहें और आवश्यकतानुसार बचाव उपाय अपनाएं।"
Telangana,Karimnagar,6/9/2025,6/15/2025,"Land preparation has been completed in Karimnagar. Farmers should wait for 60–70 mm of effective rainfall before starting sowing. Avoid sowing in dry soil to ensure proper germination. Keep all necessary inputs like seeds, fertilizers, and equipment ready for timely sowing once adequate rainfall is received.","करीमनगर में भूमि तैयारी पूरी हो चुकी है। किसानों को बुआई शुरू करने से पहले 60–70 मिमी प्रभावी वर्षा की प्रतीक्षा करनी चाहिए। अच्छे अंकुरण के लिए सूखी मिट्टी में बुआई से बचें। पर्याप्त वर्षा होने पर समय पर बुआई के लिए बीज, उर्वरक और उपकरण जैसे सभी आवश्यक इनपुट तैयार रखें।","Not specifically mentioned in advisory for Karimnagar in the current update. However, farmers are advised to continue monitoring crop health and soil conditions. Stay informed about local weather forecasts and adjust irrigation and fertilizer practices based on the crop’s growth stage. Remain vigilant for pest and weed activity, and take appropriate preventive measures to manage them effectively.","करिमनगर के लिए वर्तमान सलाह में कोई विशेष अपडेट नहीं दी गई है। हालांकि, किसानों को फसल की स्थिति और मिट्टी की स्थिति पर लगातार नजर रखने की सलाह दी जाती है। स्थानीय मौसम पूर्वानुमान से अपडेट रहें और फसल के विकास चरण के आधार पर सिंचाई और उर्वरक प्रथाओं को अनुकूलित करें। कीटों और खरपतवार की गतिविधि के प्रति सतर्क रहें और उनका प्रभावी प्रबंधन करने के लिए उचित बचाव उपाय अपनाएं।"
Telangana,Mahabubnagar,6/9/2025,6/15/2025,"Land preparation has been completed in Mahabubnagar. Farmers are advised to wait for 60–70 mm of effective rainfall before starting sowing operations. Avoid sowing in dry conditions to ensure healthy germination. Keep seeds, fertilizers, and farm tools ready for timely sowing once adequate rainfall is received.","महबूबनगर में भूमि तैयारी पूरी हो चुकी है। किसानों को बुआई शुरू करने से पहले 60–70 मिमी प्रभावी वर्षा की प्रतीक्षा करने की सलाह दी जाती है। अच्छे अंकुरण के लिए सूखी स्थिति में बुआई से बचें। पर्याप्त वर्षा होने पर समय पर बुआई के लिए बीज, उर्वरक और कृषि उपकरण तैयार रखें।","Not specifically mentioned in advisory for Mahabubnagar in the current update. However, farmers are advised to continue monitoring crop health and field conditions regularly. Stay updated with local weather forecasts and adjust irrigation practices accordingly. Ensure timely application of fertilizers based on the crop's growth stage. Stay vigilant for any pest or weed activity, and take preventive measures when needed to ensure healthy crop development.","महबूबनगर के लिए वर्तमान सलाह में कोई विशेष अपडेट नहीं दी गई है। हालांकि, किसानों को फसल की स्थिति और खेत की स्थिति पर नियमित रूप से नजर रखने की सलाह दी जाती है। स्थानीय मौसम पूर्वानुमान से अपडेट रहें और सिंचाई प्रथाओं को तदनुसार अनुकूलित करें। फसल के विकास चरण के अनुसार उर्वरकों का समय पर प्रयोग सुनिश्चित करें। किसी भी कीट या खरपतवार की गतिविधि के प्रति सतर्क रहें और फसल के स्वस्थ विकास के लिए आवश्यक बचाव उपाय अपनाएं।"
Andhra Pradesh,Guntur,6/9/2025,6/15/2025,"Land preparation has been completed in Guntur. Sowing will begin after receiving sufficient monsoon rainfall. Farmers are advised to wait for adequate soil moisture before initiating sowing to ensure proper germination. Keep seeds, fertilizers, and other inputs ready for timely field operations.","गुंटूर में भूमि तैयारी पूरी हो चुकी है। बुआई पर्याप्त मानसूनी वर्षा प्राप्त होने के बाद शुरू की जाएगी। किसानों को उचित मिट्टी में नमी आने तक प्रतीक्षा करने की सलाह दी जाती है ताकि बेहतर अंकुरण सुनिश्चित किया जा सके। समय पर खेत कार्यों के लिए बीज, उर्वरक और अन्य इनपुट तैयार रखें।","Not specifically mentioned in advisory for Guntur in the current update. However, farmers are advised to continue monitoring crop health and soil conditions. Stay updated with local weather forecasts and adjust irrigation practices based on crop needs. Ensure proper nutrient management, particularly for nitrogen and potassium, as per crop growth stages. Remain vigilant for pest and weed activity, and take timely preventive measures to manage them effectively.","गुंटूर के लिए वर्तमान सलाह में कोई विशेष अपडेट नहीं दी गई है। हालांकि, किसानों को फसल की स्थिति और मिट्टी की स्थिति पर नजर रखने की सलाह दी जाती है। स्थानीय मौसम पूर्वानुमान से अपडेट रहें और फसल की आवश्यकता के अनुसार सिंचाई प्रथाओं को अनुकूलित करें। फसल के विकास चरण के अनुसार नाइट्रोजन और पोटेशियम जैसे पोषक तत्वों का सही प्रबंधन सुनिश्चित करें। कीटों और खरपतवार की गतिविधि के प्रति सतर्क रहें और उन्हें प्रभावी रूप से नियंत्रित करने के लिए समय पर बचाव उपाय अपनाएं।"
Andhra Pradesh,Prakasam,6/9/2025,6/15/2025,"Land preparation has been completed in Prakasam. Sowing will begin after receiving sufficient monsoon rainfall. Farmers are advised to wait for adequate soil moisture to ensure good germination. Keep seeds, fertilizers, and equipment ready for timely sowing once favorable rainfall occurs.","प्रकाशम में भूमि तैयारी पूरी हो चुकी है। बुआई पर्याप्त मानसूनी वर्षा प्राप्त होने के बाद शुरू की जाएगी। बेहतर अंकुरण सुनिश्चित करने के लिए किसानों को मिट्टी में पर्याप्त नमी आने तक प्रतीक्षा करनी चाहिए। समय पर बुआई के लिए बीज, उर्वरक और उपकरण तैयार रखें।","Not specifically mentioned in advisory for Prakasam in the current update. However, farmers are advised to continue monitoring crop health and field conditions. Stay updated with local weather forecasts and adjust irrigation practices based on the crop’s growth stage. Ensure timely application of fertilizers and nutrients, particularly during critical crop stages. Remain alert for pest and weed activity, and take preventive actions as necessary to maintain a healthy crop.","प्रकाशम के लिए वर्तमान सलाह में कोई विशेष अपडेट नहीं दी गई है। हालांकि, किसानों को फसल की स्थिति और खेत की स्थिति पर नजर रखने की सलाह दी जाती है। स्थानीय मौसम पूर्वानुमान से अपडेट रहें और फसल के विकास चरण के अनुसार सिंचाई प्रथाओं को अनुकूलित करें। उर्वरकों और पोषक तत्वों का समय पर उपयोग सुनिश्चित करें, विशेष रूप से महत्वपूर्ण फसल चरणों के दौरान। कीटों और खरपतवार की गतिविधि के प्रति सतर्क रहें और स्वस्थ फसल बनाए रखने के लिए आवश्यक बचाव उपाय अपनाएं।"
Andhra Pradesh,Nandyal,6/9/2025,6/15/2025,"Land preparation has been completed in Nandyal. Sowing will begin after receiving sufficient monsoon rainfall. Farmers are advised to wait for adequate soil moisture to ensure healthy germination. Keep seeds, fertilizers, and other necessary inputs ready for timely sowing once rainfall conditions are favorable.","नंद्याल में भूमि तैयारी पूरी हो चुकी है। बुआई पर्याप्त मानसूनी वर्षा प्राप्त होने के बाद शुरू की जाएगी। किसानों को अच्छे अंकुरण के लिए मिट्टी में उचित नमी आने तक प्रतीक्षा करने की सलाह दी जाती है। समय पर बुआई के लिए बीज, उर्वरक और अन्य आवश्यक इनपुट तैयार रखें।","Not specifically mentioned in advisory for Nandyal in the current update. However, farmers are advised to continue monitoring crop health and field conditions regularly. Stay updated with local weather forecasts and adjust irrigation practices based on the crop’s growth stage. Ensure timely application of fertilizers and nutrients, especially for key growth phases. Stay vigilant for pest and weed activity, and take necessary preventive measures to manage them effectively.","नांदीयल के लिए वर्तमान सलाह में कोई विशेष अपडेट नहीं दी गई है। हालांकि, किसानों को फसल की स्थिति और खेत की स्थिति पर नियमित रूप से नजर रखने की सलाह दी जाती है। स्थानीय मौसम पूर्वानुमान से अपडेट रहें और फसल के विकास चरण के अनुसार सिंचाई प्रथाओं को अनुकूलित करें। महत्वपूर्ण विकास चरणों के दौरान उर्वरकों और पोषक तत्वों का समय पर उपयोग सुनिश्चित करें। कीटों और खरपतवार की गतिविधि के प्रति सतर्क रहें और उन्हें प्रभावी रूप से नियंत्रित करने के लिए आवश्यक बचाव उपाय अपनाएं।"
Karnataka,Dharwad,6/9/2025,6/15/2025,"Cleaning and land preparation are currently in progress in Dharwad. Farmers are advised to complete ploughing, residue removal, and leveling before the onset of monsoon rains. Ensure timely procurement of seeds and fertilizers so that sowing can begin immediately after receiving sufficient rainfall.","धारवाड़ में सफाई और भूमि तैयारी का कार्य प्रगति पर है। किसानों को मानसून वर्षा से पहले जुताई, अवशेष हटाने और समतलीकरण का कार्य पूरा करने की सलाह दी जाती है। पर्याप्त वर्षा होने के बाद तुरंत बुआई शुरू की जा सके, इसके लिए बीज और उर्वरक की समय पर व्यवस्था सुनिश्चित करें।","To manage the shoot weevil, sow Okra after every 20 rows of cotton. This practice helps in controlling the pest population and preventing damage to the cotton crop. Along with pest management, crop rotation should be practiced every 2–3 seasons to maintain soil health and reduce the buildup of pests. Ensure deep ploughing and apply Farm Yard Manure (FYM) to enhance soil fertility. Start sowing medium-duration cotton hybrids after receiving 60–70 mm of rainfall. Choose the variety or hybrid based on soil suitability to ensure optimal growth and yield.",धारवाड़ में शूट वीविल को नियंत्रित करने के लिए कपास की हर 20 पंक्तियों के बाद भिंडी (ओकड़ा) बोएं। यह विधि कीटों की जनसंख्या को नियंत्रित करने में मदद करती है और कपास की फसल को क्षति से बचाती है। कीट नियंत्रण के साथ-साथ मिट्टी के स्वास्थ्य को बनाए रखने और कीटों के संचय को कम करने के लिए हर 2–3 मौसम में फसल चक्रीकरण करना चाहिए। गहरी जुताई करें और खेत में गोबर की खाद (FYM) डालें ताकि मिट्टी की उर्वरता बढ़े। 60–70 मिमी वर्षा होने के बाद मध्यम अवधि वाले कपास के हाईब्रिड्स की बुआई करें। फसल के बेहतर विकास और उत्पादन के लिए मिट्टी की उपयुक्तता के अनुसार किस्म या हाइब्रिड का चयन करें।
Karnataka,Haveri,6/9/2025,6/15/2025,"No specific update has been mentioned for Haveri in the advisory. However, farmers are encouraged to stay prepared by completing land preparation activities and monitoring local weather conditions. Keep seeds and other inputs ready to begin sowing as soon as sufficient monsoon rainfall is received.","हावेरी के लिए परामर्श में कोई विशेष जानकारी उल्लेखित नहीं है। फिर भी, किसानों को भूमि तैयारी के कार्य पूरे करने और स्थानीय मौसम की स्थिति पर नज़र रखने की सलाह दी जाती है। जैसे ही पर्याप्त मानसूनी वर्षा प्राप्त हो, समय पर बुआई के लिए बीज और अन्य इनपुट तैयार रखें।","Not specifically mentioned in advisory for Haveri in the current update. However, farmers are advised to continue monitoring crop health and soil conditions. Stay informed about local weather forecasts and adjust irrigation and fertilizer practices based on the crop’s growth stage. Ensure timely nutrient management to support crop development. Remain alert for pest and weed activity, and take preventive measures when necessary to protect crop health.","हावेरी के लिए वर्तमान सलाह में कोई विशेष अपडेट नहीं दी गई है। हालांकि, किसानों को फसल की स्थिति और मिट्टी की स्थिति पर नजर रखने की सलाह दी जाती है। स्थानीय मौसम पूर्वानुमान से अपडेट रहें और फसल के विकास चरण के अनुसार सिंचाई और उर्वरक प्रथाओं को अनुकूलित करें। फसल के विकास को समर्थन देने के लिए समय पर पोषक तत्वों का प्रबंधन सुनिश्चित करें। कीटों और खरपतवार की गतिविधि के प्रति सतर्क रहें और फसल की सुरक्षा के लिए आवश्यक बचाव उपाय अपनाएं।"
Karnataka,Mysore,6/9/2025,6/15/2025,"No specific update has been mentioned for Mysore in the current advisory. However, farmers should continue land preparation activities and stay updated with local weather forecasts. Ensure seeds, fertilizers, and tools are ready to start sowing promptly once adequate monsoon rainfall is received.","मैसूर के लिए वर्तमान परामर्श में कोई विशेष जानकारी उल्लेखित नहीं है। फिर भी, किसानों को भूमि तैयारी के कार्य जारी रखने और स्थानीय मौसम पूर्वानुमान पर नज़र रखने की सलाह दी जाती है। जैसे ही पर्याप्त मानसूनी वर्षा हो, समय पर बुआई के लिए बीज, उर्वरक और उपकरण तैयार रखें।","Not specifically mentioned in advisory for Mysore in the current update. However, farmers are advised to continue monitoring crop health and field conditions. Stay updated with local weather forecasts and adjust irrigation practices accordingly. Ensure timely application of fertilizers and nutrients based on crop needs. Remain vigilant for pest and weed activity, and take appropriate preventive measures as necessary to ensure healthy crop growth.","मैसूर के लिए वर्तमान सलाह में कोई विशेष अपडेट नहीं दी गई है। हालांकि, किसानों को फसल की स्थिति और खेत की स्थिति पर नजर रखने की सलाह दी जाती है। स्थानीय मौसम पूर्वानुमान से अपडेट रहें और सिंचाई प्रथाओं को तदनुसार अनुकूलित करें। फसल की आवश्यकताओं के आधार पर उर्वरकों और पोषक तत्वों का समय पर आवेदन सुनिश्चित करें। कीटों और खरपतवार की गतिविधि के प्रति सतर्क रहें और स्वस्थ फसल के विकास के लिए आवश्यक बचाव उपाय अपनाएं।"
Tamil Nadu,Perambalur,6/9/2025,6/15/2025,"Field preparation is currently in progress in Perambalur. Farmers are advised to complete ploughing, leveling, and residue removal in time for the upcoming sowing season. Monitor local rainfall updates and ensure timely arrangement of seeds, fertilizers, and other inputs to begin sowing once adequate moisture is available.","पेरंबलूर में खेत की तैयारी वर्तमान में प्रगति पर है। किसानों को बुआई के आगामी मौसम के लिए जुताई, समतलीकरण और अवशेष हटाने का कार्य समय पर पूरा करने की सलाह दी जाती है। स्थानीय वर्षा की जानकारी पर नज़र रखें और जैसे ही पर्याप्त नमी उपलब्ध हो, बुआई के लिए बीज, उर्वरक और अन्य इनपुट की समय पर व्यवस्था सुनिश्चित करें।","Not specifically mentioned in advisory for Perambalur in the current update. However, farmers are advised to continue monitoring crop health and field conditions regularly. Stay updated with local weather forecasts and adjust irrigation practices as needed. Ensure proper nutrient management, especially during key growth stages of the crop. Stay vigilant for any pest and weed activity, and take timely preventive actions to protect crop health.","पेरांबलुर के लिए वर्तमान सलाह में कोई विशेष अपडेट नहीं दी गई है। हालांकि, किसानों को फसल की स्थिति और खेत की स्थिति पर नियमित रूप से नजर रखने की सलाह दी जाती है। स्थानीय मौसम पूर्वानुमान से अपडेट रहें और सिंचाई प्रथाओं को आवश्यकता अनुसार अनुकूलित करें। फसल के महत्वपूर्ण विकास चरणों के दौरान पोषक तत्वों का सही प्रबंधन सुनिश्चित करें। किसी भी कीट और खरपतवार की गतिविधि के प्रति सतर्क रहें और समय पर बचाव उपाय अपनाएं ताकि फसल स्वस्थ रहे।"
Tamil Nadu,Salem,6/9/2025,6/15/2025,"Field preparation is currently in progress in Salem. Farmers are advised to complete ploughing, leveling, and weed removal ahead of the sowing window. Keep an eye on local weather updates and ensure seeds, fertilizers, and necessary tools are ready for timely sowing once sufficient soil moisture is available.","सेलम में खेत की तैयारी वर्तमान में प्रगति पर है। किसानों को बुआई से पहले जुताई, समतलीकरण और खरपतवार हटाने का कार्य पूरा करने की सलाह दी जाती है। स्थानीय मौसम की जानकारी पर नज़र रखें और जैसे ही मिट्टी में पर्याप्त नमी हो, समय पर बुआई के लिए बीज, उर्वरक और आवश्यक उपकरण तैयार रखें।","Not specifically mentioned in advisory for Salem in the current update. However, farmers are advised to continue monitoring crop health and soil conditions regularly. Stay informed with local weather forecasts and adjust irrigation practices based on the crop’s needs. Ensure timely application of fertilizers, particularly nitrogen and phosphorus, to support healthy crop growth. Remain vigilant for pest and weed activity, and take preventive measures as required to manage them effectively.","सलेम के लिए वर्तमान सलाह में कोई विशेष अपडेट नहीं दी गई है। हालांकि, किसानों को फसल की स्थिति और मिट्टी की स्थिति पर नियमित रूप से नजर रखने की सलाह दी जाती है। स्थानीय मौसम पूर्वानुमान से अपडेट रहें और फसल की आवश्यकताओं के अनुसार सिंचाई प्रथाओं को अनुकूलित करें। स्वस्थ फसल वृद्धि को बढ़ावा देने के लिए उर्वरकों का समय पर उपयोग, विशेष रूप से नाइट्रोजन और फास्फोरस का, सुनिश्चित करें। कीटों और खरपतवार की गतिविधि के प्रति सतर्क रहें और उन्हें प्रभावी रूप से नियंत्रित करने के लिए आवश्यक बचाव उपाय अपनाएं।"
Tamil Nadu,Trichy,6/9/2025,6/15/2025,"Field preparation is currently in progress in Trichy. Farmers are advised to complete ploughing, leveling, and residue or weed removal before the onset of sowing. Monitor local weather conditions and ensure timely availability of seeds, fertilizers, and farm tools for sowing as soon as adequate moisture is available.","त्रिची में खेत की तैयारी वर्तमान में प्रगति पर है। किसानों को बुआई से पहले जुताई, समतलीकरण और अवशेष या खरपतवार हटाने का कार्य पूरा करने की सलाह दी जाती है। स्थानीय मौसम की स्थिति पर ध्यान दें और जैसे ही पर्याप्त नमी मिले, समय पर बुआई के लिए बीज, उर्वरक और कृषि उपकरण तैयार रखें।","Not specifically mentioned in advisory for Trichy in the current update. However, farmers are advised to continue monitoring crop health and soil conditions regularly. Stay updated with local weather forecasts and adjust irrigation practices based on crop needs. Ensure proper nutrient management, especially during critical growth stages. Remain alert for pest and weed activity, and take necessary preventive measures to control them effectively.","तिरुची के लिए वर्तमान सलाह में कोई विशेष अपडेट नहीं दी गई है। हालांकि, किसानों को फसल की स्थिति और मिट्टी की स्थिति पर नियमित रूप से नजर रखने की सलाह दी जाती है। स्थानीय मौसम पूर्वानुमान से अपडेट रहें और फसल की आवश्यकताओं के अनुसार सिंचाई प्रथाओं को अनुकूलित करें। महत्वपूर्ण विकास चरणों के दौरान पोषक तत्वों का सही प्रबंधन सुनिश्चित करें। कीटों और खरपतवार की गतिविधि के प्रति सतर्क रहें और उन्हें प्रभावी रूप से नियंत्रित करने के लिए आवश्यक बचाव उपाय अपनाएं।"
Tamil Nadu,Virudhunagar,6/9/2025,6/15/2025,"Field preparation is currently in progress in Virudhunagar. Farmers are advised to complete all preparatory activities such as ploughing, leveling, and weed removal ahead of sowing. Stay updated with local weather forecasts and keep seeds, fertilizers, and tools ready to begin sowing once adequate soil moisture is available.","विरुधुनगर में खेत की तैयारी वर्तमान में प्रगति पर है। किसानों को बुआई से पहले जुताई, समतलीकरण और खरपतवार हटाने जैसे सभी तैयारियां पूरी करने की सलाह दी जाती है। स्थानीय मौसम पूर्वानुमान पर नज़र रखें और जैसे ही मिट्टी में पर्याप्त नमी हो, समय पर बुआई के लिए बीज, उर्वरक और उपकरण तैयार रखें।","Not specifically mentioned in advisory for Virudhunagar in the current update. However, farmers are advised to continue monitoring crop health and field conditions regularly. Stay informed with local weather forecasts and adjust irrigation practices as per the crop’s growth stage. Ensure timely application of fertilizers to support healthy crop development. Remain vigilant for pest and weed activity, and take preventive measures to manage them effectively.","विरुधुनगर के लिए वर्तमान सलाह में कोई विशेष अपडेट नहीं दी गई है। हालांकि, किसानों को फसल की स्थिति और खेत की स्थिति पर नियमित रूप से नजर रखने की सलाह दी जाती है। स्थानीय मौसम पूर्वानुमान से अपडेट रहें और फसल के विकास चरण के अनुसार सिंचाई प्रथाओं को अनुकूलित करें। स्वस्थ फसल विकास को समर्थन देने के लिए उर्वरकों का समय पर प्रयोग सुनिश्चित करें। कीटों और खरपतवार की गतिविधि के प्रति सतर्क रहें और उन्हें प्रभावी रूप से नियंत्रित करने के लिए समय पर बचाव उपाय अपनाएं।"
